hotel_amenity_id,hotel_id,amenity_id,is_free,note,updated_at
ham_06ccbf27,htl_06d140bd,amn_83f80abf,1,,2026-08-18T10:00:00+05:30
ham_9f1f4896,htl_06d140bd,amn_53871212,1,Subject to availability,2026-08-18T10:00:00+05:30
ham_2c4f5895,htl_06d140bd,amn_f74ad76b,1,,2026-08-18T10:00:00+05:30
ham_34ff8fcf,htl_06d140bd,amn_aa21d3e3,1,,2026-08-18T10:00:00+05:30
ham_3e920b09,htl_06d140bd,amn_1c1f3c38,1,,2026-08-18T10:00:00+05:30
ham_e79f3a9e,htl_06d140bd,amn_8085a200,0,,2026-08-18T10:00:00+05:30
ham_4387e3d3,htl_06d140bd,amn_0aa5eef9,0,,2026-08-18T10:00:00+05:30
ham_5d32b3cb,htl_06d140bd,amn_5fb5d136,0,,2026-08-18T10:00:00+05:30
ham_a6ad3857,htl_d8608c0c,amn_aa21d3e3,0,,2026-08-18T10:00:00+05:30
ham_5152f087,htl_d8608c0c,amn_d096bc01,0,,2026-08-18T10:00:00+05:30
ham_1b345d8b,htl_d8608c0c,amn_5738f1cd,0,,2026-08-18T10:00:00+05:30
ham_66535cea,htl_d8608c0c,amn_7f076f1d,0,,2026-08-18T10:00:00+05:30
ham_d8a7e9ad,htl_d8608c0c,amn_e53b2ad3,1,,2026-08-18T10:00:00+05:30
ham_124915fa,htl_d8608c0c,amn_23d9dfe3,0,Subject to availability,2026-08-18T10:00:00+05:30
ham_83e2a55a,htl_d8608c0c,amn_aab90d56,1,,2026-08-18T10:00:00+05:30
ham_8bb5a3f4,htl_d8608c0c,amn_088a3bd3,0,,2026-08-18T10:00:00+05:30
ham_6ab0342a,htl_51d644a1,amn_702292f3,1,,2026-08-18T10:00:00+05:30
ham_890b4a7e,htl_51d644a1,amn_cad0c333,1,,2026-08-18T10:00:00+05:30
ham_6b3bc84b,htl_51d644a1,amn_989b97b0,1,,2026-08-18T10:00:00+05:30
ham_4b068698,htl_51d644a1,amn_f133f52a,1,,2026-08-18T10:00:00+05:30
ham_37fd2b17,htl_51d644a1,amn_10f24325,1,,2026-08-18T10:00:00+05:30
ham_99d1c52e,htl_51d644a1,amn_0aa5eef9,1,,2026-08-18T10:00:00+05:30
ham_2d714c93,htl_51d644a1,amn_e53b2ad3,1,,2026-08-18T10:00:00+05:30
ham_2453d247,htl_51d644a1,amn_855119e6,0,,2026-08-18T10:00:00+05:30
ham_a19754b2,htl_34e56f8c,amn_86167843,1,,2026-08-18T10:00:00+05:30
ham_2a50f694,htl_34e56f8c,amn_aab90d56,1,,2026-08-18T10:00:00+05:30
ham_94b66c34,htl_34e56f8c,amn_6b7b205c,1,,2026-08-18T10:00:00+05:30
ham_0b6e1551,htl_34e56f8c,amn_e50effef,0,,2026-08-18T10:00:00+05:30
ham_7d9249dd,htl_34e56f8c,amn_f133f52a,1,,2026-08-18T10:00:00+05:30
ham_b26e7d0f,htl_34e56f8c,amn_097715f3,1,,2026-08-18T10:00:00+05:30
ham_06379195,htl_34e56f8c,amn_23d9dfe3,1,,2026-08-18T10:00:00+05:30
ham_cb6a1b9b,htl_34e56f8c,amn_4690aa77,0,,2026-08-18T10:00:00+05:30
ham_4d229c58,htl_a4a12699,amn_83f80abf,1,,2026-08-18T10:00:00+05:30
ham_ec746021,htl_a4a12699,amn_4690aa77,1,,2026-08-18T10:00:00+05:30
ham_226c3f8f,htl_a4a12699,amn_864b82ad,1,,2026-08-18T10:00:00+05:30
ham_de49d338,htl_a4a12699,amn_8085a200,1,,2026-08-18T10:00:00+05:30
ham_76bd2478,htl_a4a12699,amn_ddb15d0d,1,,2026-08-18T10:00:00+05:30
ham_b8821b7c,htl_a4a12699,amn_f1c70f04,0,,2026-08-18T10:00:00+05:30
ham_1fae1d44,htl_a4a12699,amn_5fb5d136,1,,2026-08-18T10:00:00+05:30
ham_b819242e,htl_a4a12699,amn_53871212,0,,2026-08-18T10:00:00+05:30
ham_d986f8f4,htl_aacfaa8f,amn_f74ad76b,1,,2026-08-18T10:00:00+05:30
ham_57cf3a62,htl_aacfaa8f,amn_04903ad0,1,,2026-08-18T10:00:00+05:30
ham_892b3524,htl_aacfaa8f,amn_53871212,0,,2026-08-18T10:00:00+05:30
ham_416c9297,htl_aacfaa8f,amn_f133f52a,1,,2026-08-18T10:00:00+05:30
ham_da9b2e45,htl_aacfaa8f,amn_d90e6bd1,0,,2026-08-18T10:00:00+05:30
ham_926dd799,htl_aacfaa8f,amn_866070f8,0,,2026-08-18T10:00:00+05:30
ham_a52683d2,htl_aacfaa8f,amn_7f076f1d,1,,2026-08-18T10:00:00+05:30
ham_48d16272,htl_aacfaa8f,amn_e50effef,1,,2026-08-18T10:00:00+05:30
ham_e8eef189,htl_82a0debc,amn_6b2c91c4,1,,2026-08-18T10:00:00+05:30
ham_1c0a3049,htl_82a0debc,amn_aab90d56,1,,2026-08-18T10:00:00+05:30
ham_6bdbd5bf,htl_82a0debc,amn_5fb5d136,1,,2026-08-18T10:00:00+05:30
ham_5f1d66c8,htl_82a0debc,amn_4690aa77,1,,2026-08-18T10:00:00+05:30
ham_6aee3e24,htl_82a0debc,amn_a01818bd,0,,2026-08-18T10:00:00+05:30
ham_b4f239dc,htl_82a0debc,amn_e3103f6e,0,,2026-08-18T10:00:00+05:30
ham_5f81470b,htl_82a0debc,amn_855119e6,1,,2026-08-18T10:00:00+05:30
ham_b23639a8,htl_82a0debc,amn_a9c2e7f7,1,,2026-08-18T10:00:00+05:30
ham_28cf0f74,htl_e64a06ef,amn_ddb15d0d,1,,2026-08-18T10:00:00+05:30
ham_cb467003,htl_e64a06ef,amn_53871212,1,,2026-08-18T10:00:00+05:30
ham_f9ec0472,htl_e64a06ef,amn_95603f62,1,,2026-08-18T10:00:00+05:30
ham_65f4ca93,htl_e64a06ef,amn_35fe073c,1,,2026-08-18T10:00:00+05:30
ham_1347c315,htl_e64a06ef,amn_48f09670,1,,2026-08-18T10:00:00+05:30
ham_7cc7ad5a,htl_e64a06ef,amn_b62ec86d,1,,2026-08-18T10:00:00+05:30
ham_748d78e1,htl_e64a06ef,amn_088a3bd3,0,,2026-08-18T10:00:00+05:30
ham_8bde82f5,htl_e64a06ef,amn_5738f1cd,1,,2026-08-18T10:00:00+05:30
ham_482f090f,htl_f4edf35d,amn_864b82ad,1,,2026-08-18T10:00:00+05:30
ham_942b135b,htl_f4edf35d,amn_c9036e44,1,,2026-08-18T10:00:00+05:30
ham_ce8f622e,htl_f4edf35d,amn_097715f3,1,,2026-08-18T10:00:00+05:30
ham_5c28abac,htl_f4edf35d,amn_6b3dbdd5,1,,2026-08-18T10:00:00+05:30
ham_c84cfa5f,htl_f4edf35d,amn_6b7b205c,1,,2026-08-18T10:00:00+05:30
ham_5148553d,htl_f4edf35d,amn_5f419901,1,,2026-08-18T10:00:00+05:30
ham_34a58265,htl_f4edf35d,amn_866070f8,0,,2026-08-18T10:00:00+05:30
ham_daacdd3d,htl_f4edf35d,amn_95603f62,1,,2026-08-18T10:00:00+05:30
ham_0e018988,htl_6c7be3f3,amn_a01818bd,1,,2026-08-18T10:00:00+05:30
ham_f22564f9,htl_6c7be3f3,amn_83f80abf,1,,2026-08-18T10:00:00+05:30
ham_5f3a9f52,htl_6c7be3f3,amn_1c1f3c38,1,Subject to availability,2026-08-18T10:00:00+05:30
ham_1f1c46bf,htl_6c7be3f3,amn_86167843,1,,2026-08-18T10:00:00+05:30
ham_278f0448,htl_6c7be3f3,amn_3167d8f9,0,,2026-08-18T10:00:00+05:30
ham_e842faea,htl_6c7be3f3,amn_6b3dbdd5,1,,2026-08-18T10:00:00+05:30
ham_1002b415,htl_6c7be3f3,amn_a9c2e7f7,1,,2026-08-18T10:00:00+05:30
ham_7f0168a1,htl_6c7be3f3,amn_04903ad0,1,,2026-08-18T10:00:00+05:30
ham_f09cfe3c,htl_9191e906,amn_655d5165,1,,2026-08-18T10:00:00+05:30
ham_d44b8a1d,htl_9191e906,amn_c9036e44,1,,2026-08-18T10:00:00+05:30
ham_3dbbad68,htl_9191e906,amn_c5da0dfc,1,,2026-08-18T10:00:00+05:30
ham_8d8258cb,htl_9191e906,amn_df266b70,0,,2026-08-18T10:00:00+05:30
ham_3c777350,htl_9191e906,amn_d566dd5c,1,,2026-08-18T10:00:00+05:30
ham_bdb68049,htl_9191e906,amn_088a3bd3,1,,2026-08-18T10:00:00+05:30
ham_9f42c721,htl_9191e906,amn_35fe073c,1,,2026-08-18T10:00:00+05:30
ham_e11d7a23,htl_9191e906,amn_3167d8f9,1,,2026-08-18T10:00:00+05:30
ham_5b0b54bf,htl_16ca75ac,amn_f133f52a,1,,2026-08-18T10:00:00+05:30
ham_8180a1d6,htl_16ca75ac,amn_c9036e44,1,,2026-08-18T10:00:00+05:30
ham_672b1995,htl_16ca75ac,amn_0aa5eef9,1,,2026-08-18T10:00:00+05:30
ham_a5e09938,htl_16ca75ac,amn_fdb40b8d,1,,2026-08-18T10:00:00+05:30
ham_44c9ab0e,htl_16ca75ac,amn_ddb15d0d,1,,2026-08-18T10:00:00+05:30
ham_80656cc7,htl_16ca75ac,amn_a01818bd,1,,2026-08-18T10:00:00+05:30
ham_9779b92d,htl_16ca75ac,amn_3b3cfd8b,1,Subject to availability,2026-08-18T10:00:00+05:30
ham_2fe4a299,htl_16ca75ac,amn_855119e6,0,,2026-08-18T10:00:00+05:30
ham_d5337465,htl_fe66f74b,amn_088a3bd3,1,,2026-08-18T10:00:00+05:30
ham_8f201cff,htl_fe66f74b,amn_866070f8,1,,2026-08-18T10:00:00+05:30
ham_943bc8f3,htl_fe66f74b,amn_cad0c333,1,,2026-08-18T10:00:00+05:30
ham_5081af35,htl_fe66f74b,amn_4690aa77,1,,2026-08-18T10:00:00+05:30
ham_2e5d7875,htl_fe66f74b,amn_c5da0dfc,0,,2026-08-18T10:00:00+05:30
ham_57b488ae,htl_fe66f74b,amn_a01818bd,1,,2026-08-18T10:00:00+05:30
ham_913ef857,htl_fe66f74b,amn_6b7b205c,1,,2026-08-18T10:00:00+05:30
ham_1f8defc9,htl_fe66f74b,amn_b62ec86d,0,,2026-08-18T10:00:00+05:30
ham_a7cf47b8,htl_d149da7c,amn_fdb40b8d,0,,2026-08-18T10:00:00+05:30
ham_b6801c99,htl_d149da7c,amn_f133f52a,1,,2026-08-18T10:00:00+05:30
ham_7a02f1f8,htl_d149da7c,amn_f74ad76b,1,Subject to availability,2026-08-18T10:00:00+05:30
ham_255d10df,htl_d149da7c,amn_fa6b283e,0,,2026-08-18T10:00:00+05:30
ham_70bbcec4,htl_d149da7c,amn_e50effef,1,Subject to availability,2026-08-18T10:00:00+05:30
ham_22fba023,htl_d149da7c,amn_ddb15d0d,0,,2026-08-18T10:00:00+05:30
ham_1d072fef,htl_d149da7c,amn_d566dd5c,1,,2026-08-18T10:00:00+05:30
ham_dfb53bad,htl_d149da7c,amn_b62ec86d,1,,2026-08-18T10:00:00+05:30
ham_2e355685,htl_8ceae759,amn_e50effef,0,,2026-08-18T10:00:00+05:30
ham_be91d3fb,htl_8ceae759,amn_9d419789,1,,2026-08-18T10:00:00+05:30
ham_10ef151a,htl_8ceae759,amn_cad0c333,0,,2026-08-18T10:00:00+05:30
ham_4df619d4,htl_8ceae759,amn_702292f3,1,,2026-08-18T10:00:00+05:30
ham_7673d5cf,htl_8ceae759,amn_53871212,1,Subject to availability,2026-08-18T10:00:00+05:30
ham_4f6ccc8e,htl_8ceae759,amn_95603f62,1,Subject to availability,2026-08-18T10:00:00+05:30
ham_16b5fdfb,htl_8ceae759,amn_6b7b205c,0,,2026-08-18T10:00:00+05:30
ham_84bb7109,htl_8ceae759,amn_f133f52a,0,,2026-08-18T10:00:00+05:30
ham_4c539c1d,htl_97daa761,amn_b586f4b6,1,,2026-08-18T10:00:00+05:30
ham_6824cdf7,htl_97daa761,amn_1c1f3c38,1,Subject to availability,2026-08-18T10:00:00+05:30
ham_61005fb3,htl_97daa761,amn_866070f8,1,,2026-08-18T10:00:00+05:30
ham_ab3b90bc,htl_97daa761,amn_509e6855,0,,2026-08-18T10:00:00+05:30
ham_f391af17,htl_97daa761,amn_e50effef,1,,2026-08-18T10:00:00+05:30
ham_dca2e7f8,htl_97daa761,amn_e0ec6ba9,1,,2026-08-18T10:00:00+05:30
ham_9cbc3b51,htl_97daa761,amn_d90e6bd1,1,,2026-08-18T10:00:00+05:30
ham_d254be12,htl_97daa761,amn_9d419789,1,Subject to availability,2026-08-18T10:00:00+05:30
ham_fb8f5709,htl_ca3e3a74,amn_866070f8,0,,2026-08-18T10:00:00+05:30
ham_0db305fe,htl_ca3e3a74,amn_d566dd5c,0,Subject to availability,2026-08-18T10:00:00+05:30
ham_71988e35,htl_ca3e3a74,amn_8085a200,1,,2026-08-18T10:00:00+05:30
ham_fbdb8e38,htl_ca3e3a74,amn_f133f52a,0,,2026-08-18T10:00:00+05:30
ham_5bbaba19,htl_ca3e3a74,amn_df266b70,1,,2026-08-18T10:00:00+05:30
ham_d61a4f06,htl_ca3e3a74,amn_12210383,1,,2026-08-18T10:00:00+05:30
ham_eef735f6,htl_ca3e3a74,amn_fdb40b8d,0,,2026-08-18T10:00:00+05:30
ham_aea1aac0,htl_ca3e3a74,amn_04903ad0,1,,2026-08-18T10:00:00+05:30
ham_dbaf3dfb,htl_b4eb0f44,amn_097715f3,1,,2026-08-18T10:00:00+05:30
ham_5755abc9,htl_b4eb0f44,amn_088a3bd3,1,,2026-08-18T10:00:00+05:30
ham_175fd0b9,htl_b4eb0f44,amn_aab90d56,1,,2026-08-18T10:00:00+05:30
ham_856765a1,htl_b4eb0f44,amn_12210383,1,,2026-08-18T10:00:00+05:30
ham_9a6cd715,htl_b4eb0f44,amn_3b3cfd8b,1,,2026-08-18T10:00:00+05:30
ham_d22e97f0,htl_b4eb0f44,amn_c5da0dfc,0,,2026-08-18T10:00:00+05:30
ham_d6b1875d,htl_b4eb0f44,amn_5f419901,1,,2026-08-18T10:00:00+05:30
ham_faff0fed,htl_b4eb0f44,amn_7b2de8e7,1,Subject to availability,2026-08-18T10:00:00+05:30
ham_408c9cfa,htl_832544af,amn_53871212,1,,2026-08-18T10:00:00+05:30
ham_3ea7ae2c,htl_832544af,amn_7b2de8e7,1,,2026-08-18T10:00:00+05:30
ham_e596faab,htl_832544af,amn_7d92c0fa,1,,2026-08-18T10:00:00+05:30
ham_0af43389,htl_832544af,amn_088a3bd3,0,,2026-08-18T10:00:00+05:30
ham_ccb2e5ab,htl_832544af,amn_12210383,1,,2026-08-18T10:00:00+05:30
ham_785f4108,htl_832544af,amn_9d419789,1,,2026-08-18T10:00:00+05:30
ham_19641fc3,htl_832544af,amn_fdb40b8d,1,Subject to availability,2026-08-18T10:00:00+05:30
ham_be611cda,htl_832544af,amn_c5da0dfc,0,,2026-08-18T10:00:00+05:30
ham_429c27e0,htl_68af15a1,amn_cad0c333,0,,2026-08-18T10:00:00+05:30
ham_c2d93d6c,htl_68af15a1,amn_df266b70,1,,2026-08-18T10:00:00+05:30
ham_bcb46149,htl_68af15a1,amn_e0ec6ba9,1,,2026-08-18T10:00:00+05:30
ham_e59dd6f2,htl_68af15a1,amn_d566dd5c,1,,2026-08-18T10:00:00+05:30
ham_cb2b46b3,htl_68af15a1,amn_53871212,1,,2026-08-18T10:00:00+05:30
ham_d4ac1c3f,htl_68af15a1,amn_f1c70f04,1,,2026-08-18T10:00:00+05:30
ham_14003e26,htl_68af15a1,amn_b586f4b6,0,,2026-08-18T10:00:00+05:30
ham_0704a5d1,htl_68af15a1,amn_aa21d3e3,0,,2026-08-18T10:00:00+05:30
ham_785a38a9,htl_f89975f1,amn_088a3bd3,1,,2026-08-18T10:00:00+05:30
ham_acd21e30,htl_f89975f1,amn_b62ec86d,0,,2026-08-18T10:00:00+05:30
ham_63c93394,htl_f89975f1,amn_e3103f6e,0,,2026-08-18T10:00:00+05:30
ham_3df8c59a,htl_f89975f1,amn_c5da0dfc,0,,2026-08-18T10:00:00+05:30
ham_e29e7736,htl_f89975f1,amn_aab90d56,0,,2026-08-18T10:00:00+05:30
ham_6ef285f4,htl_f89975f1,amn_509e6855,1,,2026-08-18T10:00:00+05:30
ham_beb032c2,htl_f89975f1,amn_d90e6bd1,1,,2026-08-18T10:00:00+05:30
ham_2d4ad718,htl_f89975f1,amn_e53b2ad3,0,,2026-08-18T10:00:00+05:30
ham_f131a66e,htl_3f98054b,amn_097715f3,1,,2026-08-18T10:00:00+05:30
ham_8eacfa15,htl_3f98054b,amn_f74ad76b,0,,2026-08-18T10:00:00+05:30
ham_07cadc3b,htl_3f98054b,amn_e50effef,1,,2026-08-18T10:00:00+05:30
ham_7fafa5dd,htl_3f98054b,amn_0aa5eef9,1,,2026-08-18T10:00:00+05:30
ham_60af1936,htl_3f98054b,amn_e0ec6ba9,1,,2026-08-18T10:00:00+05:30
ham_b71ba5c1,htl_3f98054b,amn_fa6b283e,0,Subject to availability,2026-08-18T10:00:00+05:30
ham_91b98b4e,htl_3f98054b,amn_088a3bd3,0,,2026-08-18T10:00:00+05:30
ham_c190664d,htl_3f98054b,amn_6b2c91c4,1,,2026-08-18T10:00:00+05:30
ham_dd73b291,htl_437c0b59,amn_e3103f6e,1,,2026-08-18T10:00:00+05:30
ham_0cc9af88,htl_437c0b59,amn_a01818bd,1,,2026-08-18T10:00:00+05:30
ham_9d086b27,htl_437c0b59,amn_7d92c0fa,0,Subject to availability,2026-08-18T10:00:00+05:30
ham_3f10089b,htl_437c0b59,amn_f133f52a,1,Subject to availability,2026-08-18T10:00:00+05:30
ham_492bb598,htl_437c0b59,amn_aa21d3e3,1,,2026-08-18T10:00:00+05:30
ham_d444374f,htl_437c0b59,amn_f1c70f04,1,,2026-08-18T10:00:00+05:30
ham_8dc4eef3,htl_437c0b59,amn_86167843,1,,2026-08-18T10:00:00+05:30
ham_204ab71e,htl_437c0b59,amn_655d5165,1,,2026-08-18T10:00:00+05:30
ham_231cb65d,htl_abcdbceb,amn_ddb15d0d,1,,2026-08-18T10:00:00+05:30
ham_084b5e81,htl_abcdbceb,amn_a9c2e7f7,1,,2026-08-18T10:00:00+05:30
ham_31c0aaa5,htl_abcdbceb,amn_c9036e44,1,,2026-08-18T10:00:00+05:30
ham_49af6c67,htl_abcdbceb,amn_f1c70f04,0,,2026-08-18T10:00:00+05:30
ham_249eb17d,htl_abcdbceb,amn_b62ec86d,1,Subject to availability,2026-08-18T10:00:00+05:30
ham_343d94d2,htl_abcdbceb,amn_81dbdc6e,1,,2026-08-18T10:00:00+05:30
ham_77eeedf9,htl_abcdbceb,amn_f133f52a,1,,2026-08-18T10:00:00+05:30
ham_e1cd61bd,htl_abcdbceb,amn_9d419789,1,,2026-08-18T10:00:00+05:30
ham_d570abe8,htl_d1c721fa,amn_c9036e44,0,,2026-08-18T10:00:00+05:30
ham_5866e9e7,htl_d1c721fa,amn_d096bc01,1,,2026-08-18T10:00:00+05:30
ham_70c89054,htl_d1c721fa,amn_9d419789,0,Subject to availability,2026-08-18T10:00:00+05:30
ham_94ad6312,htl_d1c721fa,amn_95603f62,1,,2026-08-18T10:00:00+05:30
ham_3a238644,htl_d1c721fa,amn_aab90d56,1,,2026-08-18T10:00:00+05:30
ham_af7e38cb,htl_d1c721fa,amn_d90e6bd1,1,,2026-08-18T10:00:00+05:30
ham_98e563bc,htl_d1c721fa,amn_e3103f6e,1,,2026-08-18T10:00:00+05:30
ham_2a587533,htl_d1c721fa,amn_53871212,0,,2026-08-18T10:00:00+05:30
ham_1af39416,htl_af9267ba,amn_b586f4b6,0,,2026-08-18T10:00:00+05:30
ham_76597b48,htl_af9267ba,amn_7b2de8e7,0,,2026-08-18T10:00:00+05:30
ham_157024c8,htl_af9267ba,amn_b62ec86d,1,Subject to availability,2026-08-18T10:00:00+05:30
ham_d54be0da,htl_af9267ba,amn_f133f52a,0,,2026-08-18T10:00:00+05:30
ham_1b32da36,htl_af9267ba,amn_097715f3,1,,2026-08-18T10:00:00+05:30
ham_230be741,htl_af9267ba,amn_655d5165,1,,2026-08-18T10:00:00+05:30
ham_dbdeb92e,htl_af9267ba,amn_7d92c0fa,0,,2026-08-18T10:00:00+05:30
ham_3c265bfa,htl_af9267ba,amn_6b3dbdd5,0,,2026-08-18T10:00:00+05:30
ham_e3faf06d,htl_9c129ce4,amn_855119e6,1,,2026-08-18T10:00:00+05:30
ham_fbaac60f,htl_9c129ce4,amn_3b3cfd8b,1,Subject to availability,2026-08-18T10:00:00+05:30
ham_3d031472,htl_9c129ce4,amn_702292f3,0,,2026-08-18T10:00:00+05:30
ham_a8357f59,htl_9c129ce4,amn_d90e6bd1,1,,2026-08-18T10:00:00+05:30
ham_aa333109,htl_9c129ce4,amn_81dbdc6e,1,Subject to availability,2026-08-18T10:00:00+05:30
ham_cda83433,htl_9c129ce4,amn_f133f52a,0,,2026-08-18T10:00:00+05:30
ham_2895eceb,htl_9c129ce4,amn_e53b2ad3,1,Subject to availability,2026-08-18T10:00:00+05:30
ham_bc6b9419,htl_9c129ce4,amn_7b2de8e7,0,,2026-08-18T10:00:00+05:30
ham_227c5ab3,htl_d1d22033,amn_86167843,1,,2026-08-18T10:00:00+05:30
ham_cf69e8cf,htl_d1d22033,amn_12210383,0,,2026-08-18T10:00:00+05:30
ham_72ee189d,htl_d1d22033,amn_35fe073c,0,,2026-08-18T10:00:00+05:30
ham_2f66b863,htl_d1d22033,amn_8085a200,1,,2026-08-18T10:00:00+05:30
ham_db56d7bf,htl_d1d22033,amn_864b82ad,1,Subject to availability,2026-08-18T10:00:00+05:30
ham_f50fed68,htl_d1d22033,amn_0aa5eef9,1,,2026-08-18T10:00:00+05:30
ham_ec4676dc,htl_d1d22033,amn_509e6855,0,Subject to availability,2026-08-18T10:00:00+05:30
ham_9a04eaff,htl_d1d22033,amn_6b3dbdd5,1,,2026-08-18T10:00:00+05:30
ham_830c0f99,htl_1b0f8353,amn_866070f8,1,,2026-08-18T10:00:00+05:30
ham_6086402e,htl_1b0f8353,amn_c5da0dfc,1,,2026-08-18T10:00:00+05:30
ham_be4404fc,htl_1b0f8353,amn_8085a200,1,,2026-08-18T10:00:00+05:30
ham_13e5884d,htl_1b0f8353,amn_10f24325,1,,2026-08-18T10:00:00+05:30
ham_ab7f4835,htl_1b0f8353,amn_81dbdc6e,1,,2026-08-18T10:00:00+05:30
ham_16550ba3,htl_1b0f8353,amn_1c1f3c38,1,,2026-08-18T10:00:00+05:30
ham_b133144a,htl_1b0f8353,amn_e3103f6e,1,Subject to availability,2026-08-18T10:00:00+05:30
ham_1b546bf3,htl_1b0f8353,amn_e53b2ad3,1,,2026-08-18T10:00:00+05:30
ham_b98bce51,htl_d190083e,amn_cad0c333,1,,2026-08-18T10:00:00+05:30
ham_74802a96,htl_d190083e,amn_e53b2ad3,1,Subject to availability,2026-08-18T10:00:00+05:30
ham_47041a8f,htl_d190083e,amn_aab90d56,1,,2026-08-18T10:00:00+05:30
ham_c18c573a,htl_d190083e,amn_855119e6,1,,2026-08-18T10:00:00+05:30
ham_0d87ee68,htl_d190083e,amn_702292f3,1,,2026-08-18T10:00:00+05:30
ham_a170bdb8,htl_d190083e,amn_097715f3,1,,2026-08-18T10:00:00+05:30
ham_bf5e2c7c,htl_d190083e,amn_8085a200,0,Subject to availability,2026-08-18T10:00:00+05:30
ham_376091dd,htl_d190083e,amn_3b3cfd8b,1,,2026-08-18T10:00:00+05:30
ham_3b86b7cc,htl_3c8db5e1,amn_a01818bd,1,,2026-08-18T10:00:00+05:30
ham_06627bbc,htl_3c8db5e1,amn_23d9dfe3,1,,2026-08-18T10:00:00+05:30
ham_76942989,htl_3c8db5e1,amn_1c1f3c38,1,,2026-08-18T10:00:00+05:30
ham_aff952ce,htl_3c8db5e1,amn_6b3dbdd5,1,,2026-08-18T10:00:00+05:30
ham_8d771bef,htl_3c8db5e1,amn_81dbdc6e,1,,2026-08-18T10:00:00+05:30
ham_7f328e47,htl_3c8db5e1,amn_12210383,1,Subject to availability,2026-08-18T10:00:00+05:30
ham_8d349780,htl_3c8db5e1,amn_04903ad0,1,,2026-08-18T10:00:00+05:30
ham_bf07eb25,htl_3c8db5e1,amn_aa21d3e3,0,,2026-08-18T10:00:00+05:30
ham_6e596524,htl_95e7afb1,amn_088a3bd3,0,Subject to availability,2026-08-18T10:00:00+05:30
ham_51fbb2cd,htl_95e7afb1,amn_cad0c333,1,,2026-08-18T10:00:00+05:30
ham_9ecfb9bf,htl_95e7afb1,amn_e50effef,1,,2026-08-18T10:00:00+05:30
ham_d65ac6f9,htl_95e7afb1,amn_702292f3,1,,2026-08-18T10:00:00+05:30
ham_572b5562,htl_95e7afb1,amn_097715f3,1,,2026-08-18T10:00:00+05:30
ham_6a19b38c,htl_95e7afb1,amn_fdb40b8d,0,,2026-08-18T10:00:00+05:30
ham_736934cb,htl_95e7afb1,amn_fa6b283e,1,,2026-08-18T10:00:00+05:30
ham_4cf42b69,htl_95e7afb1,amn_866070f8,1,Subject to availability,2026-08-18T10:00:00+05:30
ham_7f71f0bb,htl_f32a6fab,amn_989b97b0,0,,2026-08-18T10:00:00+05:30
ham_7fb067ec,htl_f32a6fab,amn_6b2c91c4,1,,2026-08-18T10:00:00+05:30
ham_040ecdfa,htl_f32a6fab,amn_e0ec6ba9,1,,2026-08-18T10:00:00+05:30
ham_182fd95a,htl_f32a6fab,amn_864b82ad,1,,2026-08-18T10:00:00+05:30
ham_a411dc52,htl_f32a6fab,amn_48f09670,1,,2026-08-18T10:00:00+05:30
ham_64641942,htl_f32a6fab,amn_df266b70,1,Subject to availability,2026-08-18T10:00:00+05:30
ham_27a3da4d,htl_f32a6fab,amn_5738f1cd,1,,2026-08-18T10:00:00+05:30
ham_042d1a0a,htl_f32a6fab,amn_53871212,1,,2026-08-18T10:00:00+05:30
ham_cad6a3d9,htl_edfb03a8,amn_fa6b283e,1,,2026-08-18T10:00:00+05:30
ham_74804c7d,htl_edfb03a8,amn_10f24325,0,,2026-08-18T10:00:00+05:30
ham_d9033935,htl_edfb03a8,amn_e3103f6e,1,,2026-08-18T10:00:00+05:30
ham_7551ac15,htl_edfb03a8,amn_e53b2ad3,1,,2026-08-18T10:00:00+05:30
ham_4b89341d,htl_edfb03a8,amn_702292f3,1,Subject to availability,2026-08-18T10:00:00+05:30
ham_36785da0,htl_edfb03a8,amn_6b3dbdd5,0,,2026-08-18T10:00:00+05:30
ham_a50674ed,htl_edfb03a8,amn_86167843,1,Subject to availability,2026-08-18T10:00:00+05:30
ham_de67729b,htl_edfb03a8,amn_ddb15d0d,0,Subject to availability,2026-08-18T10:00:00+05:30
ham_6ae43c21,htl_a4d27c8c,amn_8085a200,1,Subject to availability,2026-08-18T10:00:00+05:30
ham_4424d250,htl_a4d27c8c,amn_e50effef,0,Subject to availability,2026-08-18T10:00:00+05:30
ham_81ffee4f,htl_a4d27c8c,amn_83f80abf,1,,2026-08-18T10:00:00+05:30
ham_cf1b6f57,htl_a4d27c8c,amn_702292f3,0,,2026-08-18T10:00:00+05:30
ham_c3f0b22d,htl_a4d27c8c,amn_9d419789,1,Subject to availability,2026-08-18T10:00:00+05:30
ham_71ac0932,htl_a4d27c8c,amn_d096bc01,1,Subject to availability,2026-08-18T10:00:00+05:30
ham_a87e2f42,htl_a4d27c8c,amn_6b3dbdd5,0,,2026-08-18T10:00:00+05:30
ham_da9bb3e0,htl_a4d27c8c,amn_b586f4b6,1,,2026-08-18T10:00:00+05:30
ham_63765b66,htl_68ea7979,amn_fa6b283e,1,,2026-08-18T10:00:00+05:30
ham_e1bed79b,htl_68ea7979,amn_c9036e44,0,,2026-08-18T10:00:00+05:30
ham_4d9db6f4,htl_68ea7979,amn_866070f8,0,,2026-08-18T10:00:00+05:30
ham_81c14eb8,htl_68ea7979,amn_0aa5eef9,1,,2026-08-18T10:00:00+05:30
ham_cb95e01e,htl_68ea7979,amn_6b3dbdd5,0,Subject to availability,2026-08-18T10:00:00+05:30
ham_f374631a,htl_68ea7979,amn_f74ad76b,1,Subject to availability,2026-08-18T10:00:00+05:30
ham_7f987c05,htl_68ea7979,amn_35fe073c,1,Subject to availability,2026-08-18T10:00:00+05:30
ham_3fdc89eb,htl_68ea7979,amn_864b82ad,0,,2026-08-18T10:00:00+05:30
ham_245326e4,htl_43f3566e,amn_aab90d56,0,,2026-08-18T10:00:00+05:30
ham_87dd1630,htl_43f3566e,amn_655d5165,1,Subject to availability,2026-08-18T10:00:00+05:30
ham_00e921b6,htl_43f3566e,amn_d90e6bd1,1,,2026-08-18T10:00:00+05:30
ham_4356bcbb,htl_43f3566e,amn_10f24325,0,,2026-08-18T10:00:00+05:30
ham_9d819bed,htl_43f3566e,amn_e50effef,1,,2026-08-18T10:00:00+05:30
ham_629b0c9d,htl_43f3566e,amn_a9c2e7f7,0,,2026-08-18T10:00:00+05:30
ham_6cef35e4,htl_43f3566e,amn_7f076f1d,1,,2026-08-18T10:00:00+05:30
ham_a1e98a19,htl_43f3566e,amn_6b2c91c4,0,,2026-08-18T10:00:00+05:30
ham_8dffe237,htl_ace63054,amn_ddb15d0d,1,,2026-08-18T10:00:00+05:30
ham_47a4eff7,htl_ace63054,amn_04903ad0,1,,2026-08-18T10:00:00+05:30
ham_49cb08f6,htl_ace63054,amn_855119e6,0,Subject to availability,2026-08-18T10:00:00+05:30
ham_d4eb6ddd,htl_ace63054,amn_5738f1cd,0,,2026-08-18T10:00:00+05:30
ham_d2fbf6c1,htl_ace63054,amn_0aa5eef9,1,Subject to availability,2026-08-18T10:00:00+05:30
ham_965c92c1,htl_ace63054,amn_86167843,1,,2026-08-18T10:00:00+05:30
ham_75a51c4f,htl_ace63054,amn_3167d8f9,0,,2026-08-18T10:00:00+05:30
ham_10939b9c,htl_ace63054,amn_9d419789,0,,2026-08-18T10:00:00+05:30
ham_fc623931,htl_40a881e8,amn_10f24325,0,Subject to availability,2026-08-18T10:00:00+05:30
ham_530a2f73,htl_40a881e8,amn_ddb15d0d,0,,2026-08-18T10:00:00+05:30
ham_0230747d,htl_40a881e8,amn_866070f8,0,,2026-08-18T10:00:00+05:30
ham_35b3d13f,htl_40a881e8,amn_81dbdc6e,1,Subject to availability,2026-08-18T10:00:00+05:30
ham_61888555,htl_40a881e8,amn_53871212,1,,2026-08-18T10:00:00+05:30
ham_3a3d8ed5,htl_40a881e8,amn_1c1f3c38,0,,2026-08-18T10:00:00+05:30
ham_dd221ec2,htl_40a881e8,amn_e50effef,0,,2026-08-18T10:00:00+05:30
ham_20c58894,htl_40a881e8,amn_aa21d3e3,0,Subject to availability,2026-08-18T10:00:00+05:30
ham_6ee4bffe,htl_df6e2340,amn_7f076f1d,1,,2026-08-18T10:00:00+05:30
ham_d241c6fe,htl_df6e2340,amn_6b7b205c,1,,2026-08-18T10:00:00+05:30
ham_558c9875,htl_df6e2340,amn_e0ec6ba9,1,,2026-08-18T10:00:00+05:30
ham_c510e133,htl_df6e2340,amn_c5da0dfc,1,,2026-08-18T10:00:00+05:30
ham_da9dff42,htl_df6e2340,amn_86167843,0,,2026-08-18T10:00:00+05:30
ham_ea887420,htl_df6e2340,amn_e50effef,1,,2026-08-18T10:00:00+05:30
ham_3cea89b8,htl_df6e2340,amn_d566dd5c,1,,2026-08-18T10:00:00+05:30
ham_ec3ea1a5,htl_df6e2340,amn_ddb15d0d,1,,2026-08-18T10:00:00+05:30
ham_c44bf498,htl_3e3a38c5,amn_7f076f1d,1,,2026-08-18T10:00:00+05:30
ham_dff15b3f,htl_3e3a38c5,amn_8085a200,1,,2026-08-18T10:00:00+05:30
ham_252a0d37,htl_3e3a38c5,amn_83f80abf,0,,2026-08-18T10:00:00+05:30
ham_fbfe7be0,htl_3e3a38c5,amn_509e6855,0,,2026-08-18T10:00:00+05:30
ham_11fa1bf6,htl_3e3a38c5,amn_ddb15d0d,1,,2026-08-18T10:00:00+05:30
ham_c940bdba,htl_3e3a38c5,amn_3b3cfd8b,0,Subject to availability,2026-08-18T10:00:00+05:30
ham_f5d5814f,htl_3e3a38c5,amn_aab90d56,0,,2026-08-18T10:00:00+05:30
ham_dadb1964,htl_3e3a38c5,amn_86167843,0,,2026-08-18T10:00:00+05:30
ham_44ecce81,htl_d07e29f4,amn_5738f1cd,0,,2026-08-18T10:00:00+05:30
ham_a569339d,htl_d07e29f4,amn_a9c2e7f7,0,,2026-08-18T10:00:00+05:30
ham_57a46051,htl_d07e29f4,amn_097715f3,1,,2026-08-18T10:00:00+05:30
ham_96e86d00,htl_d07e29f4,amn_702292f3,0,,2026-08-18T10:00:00+05:30
ham_204a1ed4,htl_d07e29f4,amn_81dbdc6e,1,,2026-08-18T10:00:00+05:30
ham_e340f5bd,htl_d07e29f4,amn_6b3dbdd5,1,,2026-08-18T10:00:00+05:30
ham_6f306b6b,htl_d07e29f4,amn_ddb15d0d,1,,2026-08-18T10:00:00+05:30
ham_d993cd5b,htl_d07e29f4,amn_d566dd5c,1,,2026-08-18T10:00:00+05:30
ham_2fe93f7e,htl_fb894fd0,amn_9d419789,1,,2026-08-18T10:00:00+05:30
ham_b2716f77,htl_fb894fd0,amn_6b2c91c4,0,,2026-08-18T10:00:00+05:30
ham_0b3c6e60,htl_fb894fd0,amn_23d9dfe3,0,,2026-08-18T10:00:00+05:30
ham_4c930940,htl_fb894fd0,amn_12210383,0,,2026-08-18T10:00:00+05:30
ham_469c4f55,htl_fb894fd0,amn_097715f3,1,,2026-08-18T10:00:00+05:30
ham_ee1be17b,htl_fb894fd0,amn_d566dd5c,0,,2026-08-18T10:00:00+05:30
ham_b173a1c8,htl_fb894fd0,amn_855119e6,1,,2026-08-18T10:00:00+05:30
ham_4388317e,htl_fb894fd0,amn_702292f3,1,,2026-08-18T10:00:00+05:30
ham_d7be0e0b,htl_7b47fb46,amn_6e3791c8,0,,2026-08-18T10:00:00+05:30
ham_7cbe62c2,htl_7b47fb46,amn_866070f8,0,Subject to availability,2026-08-18T10:00:00+05:30
ham_06d7a497,htl_7b47fb46,amn_df266b70,0,,2026-08-18T10:00:00+05:30
ham_0ec662bc,htl_7b47fb46,amn_aa21d3e3,1,,2026-08-18T10:00:00+05:30
ham_cc94761a,htl_7b47fb46,amn_702292f3,1,,2026-08-18T10:00:00+05:30
ham_88ea8ef2,htl_7b47fb46,amn_5738f1cd,1,,2026-08-18T10:00:00+05:30
ham_f6ff0a8e,htl_7b47fb46,amn_088a3bd3,0,,2026-08-18T10:00:00+05:30
ham_0f49d270,htl_7b47fb46,amn_b586f4b6,1,,2026-08-18T10:00:00+05:30
ham_232e21e9,htl_34abcc09,amn_35fe073c,1,,2026-08-18T10:00:00+05:30
ham_e66c4cf3,htl_34abcc09,amn_1c1f3c38,1,,2026-08-18T10:00:00+05:30
ham_6d8a043b,htl_34abcc09,amn_53871212,1,Subject to availability,2026-08-18T10:00:00+05:30
ham_9d28ac28,htl_34abcc09,amn_12210383,1,Subject to availability,2026-08-18T10:00:00+05:30
ham_50b00125,htl_34abcc09,amn_5f419901,1,,2026-08-18T10:00:00+05:30
ham_ca5a073c,htl_34abcc09,amn_f74ad76b,1,,2026-08-18T10:00:00+05:30
ham_949a3b48,htl_34abcc09,amn_a01818bd,1,,2026-08-18T10:00:00+05:30
ham_6187701b,htl_34abcc09,amn_3b3cfd8b,1,Subject to availability,2026-08-18T10:00:00+05:30
ham_cfb4a2ae,htl_2ca76c96,amn_fdb40b8d,1,,2026-08-18T10:00:00+05:30
ham_2030fba7,htl_2ca76c96,amn_d566dd5c,0,,2026-08-18T10:00:00+05:30
ham_19c2b426,htl_2ca76c96,amn_3b3cfd8b,0,,2026-08-18T10:00:00+05:30
ham_19d63084,htl_2ca76c96,amn_12210383,1,Subject to availability,2026-08-18T10:00:00+05:30
ham_f558ff88,htl_2ca76c96,amn_509e6855,1,,2026-08-18T10:00:00+05:30
ham_7dbd91d8,htl_2ca76c96,amn_e50effef,1,,2026-08-18T10:00:00+05:30
ham_c15a65f2,htl_2ca76c96,amn_f133f52a,1,Subject to availability,2026-08-18T10:00:00+05:30
ham_d8a5023d,htl_2ca76c96,amn_7d92c0fa,1,,2026-08-18T10:00:00+05:30
ham_a5fde0b8,htl_d9b34d26,amn_cad0c333,0,,2026-08-18T10:00:00+05:30
ham_164e3841,htl_d9b34d26,amn_7d92c0fa,1,,2026-08-18T10:00:00+05:30
ham_6c0e7fd4,htl_d9b34d26,amn_5738f1cd,0,,2026-08-18T10:00:00+05:30
ham_625d20ae,htl_d9b34d26,amn_6b2c91c4,0,Subject to availability,2026-08-18T10:00:00+05:30
ham_a2bfd57e,htl_d9b34d26,amn_df266b70,1,,2026-08-18T10:00:00+05:30
ham_7006d79f,htl_d9b34d26,amn_d566dd5c,0,,2026-08-18T10:00:00+05:30
ham_7469e29c,htl_d9b34d26,amn_aab90d56,0,Subject to availability,2026-08-18T10:00:00+05:30
ham_c5cd0c62,htl_d9b34d26,amn_088a3bd3,1,,2026-08-18T10:00:00+05:30
ham_cffb0f47,htl_b868ebcf,amn_d90e6bd1,1,Subject to availability,2026-08-18T10:00:00+05:30
ham_14359dd0,htl_b868ebcf,amn_6b3dbdd5,1,,2026-08-18T10:00:00+05:30
ham_a6fef751,htl_b868ebcf,amn_f74ad76b,1,,2026-08-18T10:00:00+05:30
ham_1c19340f,htl_b868ebcf,amn_3167d8f9,1,Subject to availability,2026-08-18T10:00:00+05:30
ham_975f4fd5,htl_b868ebcf,amn_866070f8,1,,2026-08-18T10:00:00+05:30
ham_293aa411,htl_b868ebcf,amn_5fb5d136,1,,2026-08-18T10:00:00+05:30
ham_6e3d67a8,htl_b868ebcf,amn_aab90d56,0,,2026-08-18T10:00:00+05:30
ham_ff93c8cb,htl_b868ebcf,amn_12210383,0,,2026-08-18T10:00:00+05:30
ham_2dc75435,htl_4e4752d8,amn_d90e6bd1,1,,2026-08-18T10:00:00+05:30
ham_a1db9fe7,htl_4e4752d8,amn_53871212,1,,2026-08-18T10:00:00+05:30
ham_b73f7f81,htl_4e4752d8,amn_5738f1cd,0,,2026-08-18T10:00:00+05:30
ham_dac3d16a,htl_4e4752d8,amn_04903ad0,0,,2026-08-18T10:00:00+05:30
ham_df9d93b5,htl_4e4752d8,amn_6e3791c8,1,Subject to availability,2026-08-18T10:00:00+05:30
ham_3d91a0a6,htl_4e4752d8,amn_df266b70,1,,2026-08-18T10:00:00+05:30
ham_0274027a,htl_4e4752d8,amn_e3103f6e,1,Subject to availability,2026-08-18T10:00:00+05:30
ham_2c3128bb,htl_4e4752d8,amn_702292f3,1,,2026-08-18T10:00:00+05:30
ham_6472b1d5,htl_9e900d70,amn_7b2de8e7,0,,2026-08-18T10:00:00+05:30
ham_6b6fb87c,htl_9e900d70,amn_e53b2ad3,1,,2026-08-18T10:00:00+05:30
ham_9e48ecca,htl_9e900d70,amn_4690aa77,1,,2026-08-18T10:00:00+05:30
ham_7cce2ce6,htl_9e900d70,amn_aab90d56,1,,2026-08-18T10:00:00+05:30
ham_dd2bf826,htl_9e900d70,amn_e0ec6ba9,1,,2026-08-18T10:00:00+05:30
ham_914f87cb,htl_9e900d70,amn_097715f3,1,,2026-08-18T10:00:00+05:30
ham_d6c06111,htl_9e900d70,amn_c5da0dfc,0,,2026-08-18T10:00:00+05:30
ham_427076b3,htl_9e900d70,amn_1c1f3c38,1,,2026-08-18T10:00:00+05:30
ham_92125ce4,htl_64b0b167,amn_8085a200,1,,2026-08-18T10:00:00+05:30
ham_99d96e1f,htl_64b0b167,amn_864b82ad,1,Subject to availability,2026-08-18T10:00:00+05:30
ham_b23cd992,htl_64b0b167,amn_f74ad76b,1,,2026-08-18T10:00:00+05:30
ham_918e4e90,htl_64b0b167,amn_e53b2ad3,1,,2026-08-18T10:00:00+05:30
ham_acfba2b5,htl_64b0b167,amn_f1c70f04,0,,2026-08-18T10:00:00+05:30
ham_766ea266,htl_64b0b167,amn_d566dd5c,1,,2026-08-18T10:00:00+05:30
ham_b9522b50,htl_64b0b167,amn_fdb40b8d,1,,2026-08-18T10:00:00+05:30
ham_59244deb,htl_64b0b167,amn_5738f1cd,0,,2026-08-18T10:00:00+05:30
ham_c3130f6c,htl_7a46102c,amn_cad0c333,1,,2026-08-18T10:00:00+05:30
ham_27f17edb,htl_7a46102c,amn_fa6b283e,0,,2026-08-18T10:00:00+05:30
ham_aea58e02,htl_7a46102c,amn_a9c2e7f7,1,Subject to availability,2026-08-18T10:00:00+05:30
ham_853b1384,htl_7a46102c,amn_86167843,1,,2026-08-18T10:00:00+05:30
ham_be62d79a,htl_7a46102c,amn_10f24325,0,,2026-08-18T10:00:00+05:30
ham_d7e8a6c6,htl_7a46102c,amn_b586f4b6,1,,2026-08-18T10:00:00+05:30
ham_25903509,htl_7a46102c,amn_7b2de8e7,1,,2026-08-18T10:00:00+05:30
ham_db8739d0,htl_7a46102c,amn_3167d8f9,0,,2026-08-18T10:00:00+05:30
ham_c8d95a86,htl_c758f72a,amn_0aa5eef9,1,,2026-08-18T10:00:00+05:30
ham_298daed1,htl_c758f72a,amn_d096bc01,1,,2026-08-18T10:00:00+05:30
ham_8ca0a59f,htl_c758f72a,amn_81dbdc6e,0,,2026-08-18T10:00:00+05:30
ham_dc7d6c31,htl_c758f72a,amn_702292f3,1,,2026-08-18T10:00:00+05:30
ham_0af6c7d3,htl_c758f72a,amn_d566dd5c,0,,2026-08-18T10:00:00+05:30
ham_184a72bd,htl_c758f72a,amn_a9c2e7f7,0,,2026-08-18T10:00:00+05:30
ham_cc6a47e5,htl_c758f72a,amn_9d419789,1,,2026-08-18T10:00:00+05:30
ham_3693052b,htl_c758f72a,amn_aa21d3e3,1,,2026-08-18T10:00:00+05:30
ham_04ae30e7,htl_623c41c5,amn_12210383,0,,2026-08-18T10:00:00+05:30
ham_76ffeb35,htl_623c41c5,amn_e3103f6e,1,Subject to availability,2026-08-18T10:00:00+05:30
ham_1dde051b,htl_623c41c5,amn_4690aa77,0,,2026-08-18T10:00:00+05:30
ham_19a373c2,htl_623c41c5,amn_aab90d56,1,Subject to availability,2026-08-18T10:00:00+05:30
ham_62f54396,htl_623c41c5,amn_6e3791c8,1,,2026-08-18T10:00:00+05:30
ham_e8411b44,htl_623c41c5,amn_aa21d3e3,1,,2026-08-18T10:00:00+05:30
ham_27089aff,htl_623c41c5,amn_3167d8f9,1,,2026-08-18T10:00:00+05:30
ham_5fda7981,htl_623c41c5,amn_e50effef,1,,2026-08-18T10:00:00+05:30
ham_283461db,htl_97c0591b,amn_7d92c0fa,1,,2026-08-18T10:00:00+05:30
ham_3e5dbcce,htl_97c0591b,amn_23d9dfe3,1,,2026-08-18T10:00:00+05:30
ham_d06f8568,htl_97c0591b,amn_855119e6,1,,2026-08-18T10:00:00+05:30
ham_d7da9588,htl_97c0591b,amn_0aa5eef9,0,,2026-08-18T10:00:00+05:30
ham_3e0fec86,htl_97c0591b,amn_097715f3,0,,2026-08-18T10:00:00+05:30
ham_7756a8a7,htl_97c0591b,amn_c5da0dfc,1,,2026-08-18T10:00:00+05:30
ham_7abfc3e6,htl_97c0591b,amn_a9c2e7f7,1,,2026-08-18T10:00:00+05:30
ham_f34dfb83,htl_97c0591b,amn_f133f52a,0,,2026-08-18T10:00:00+05:30
ham_9bac04c7,htl_2b79009c,amn_12210383,1,,2026-08-18T10:00:00+05:30
ham_4a867b6b,htl_2b79009c,amn_509e6855,1,,2026-08-18T10:00:00+05:30
ham_08e9ece5,htl_2b79009c,amn_81dbdc6e,0,,2026-08-18T10:00:00+05:30
ham_44ec91cf,htl_2b79009c,amn_83f80abf,1,,2026-08-18T10:00:00+05:30
ham_ea5cb9b3,htl_2b79009c,amn_9d419789,1,,2026-08-18T10:00:00+05:30
ham_0bf5a87c,htl_2b79009c,amn_6b2c91c4,1,,2026-08-18T10:00:00+05:30
ham_9d769115,htl_2b79009c,amn_aab90d56,1,Subject to availability,2026-08-18T10:00:00+05:30
ham_2854cae4,htl_2b79009c,amn_5738f1cd,1,,2026-08-18T10:00:00+05:30
ham_dd08aebe,htl_a7f2c402,amn_855119e6,1,Subject to availability,2026-08-18T10:00:00+05:30
ham_f4580481,htl_a7f2c402,amn_7d92c0fa,1,,2026-08-18T10:00:00+05:30
ham_ba41aa1c,htl_a7f2c402,amn_e3103f6e,0,,2026-08-18T10:00:00+05:30
ham_1e7215a6,htl_a7f2c402,amn_3167d8f9,1,,2026-08-18T10:00:00+05:30
ham_3f1ad077,htl_a7f2c402,amn_5f419901,1,,2026-08-18T10:00:00+05:30
ham_edf49654,htl_a7f2c402,amn_6b3dbdd5,1,,2026-08-18T10:00:00+05:30
ham_730790d4,htl_a7f2c402,amn_097715f3,1,,2026-08-18T10:00:00+05:30
ham_c6ca040f,htl_a7f2c402,amn_12210383,1,,2026-08-18T10:00:00+05:30
ham_cc887c9c,htl_64e6662b,amn_81dbdc6e,1,,2026-08-18T10:00:00+05:30
ham_3c055aaf,htl_64e6662b,amn_b586f4b6,1,,2026-08-18T10:00:00+05:30
ham_a207f9cb,htl_64e6662b,amn_5f419901,1,,2026-08-18T10:00:00+05:30
ham_11bc2ee4,htl_64e6662b,amn_097715f3,1,Subject to availability,2026-08-18T10:00:00+05:30
ham_be6f2283,htl_64e6662b,amn_53871212,1,,2026-08-18T10:00:00+05:30
ham_5af3b463,htl_64e6662b,amn_e0ec6ba9,0,,2026-08-18T10:00:00+05:30
ham_f1d8cb29,htl_64e6662b,amn_04903ad0,1,,2026-08-18T10:00:00+05:30
ham_ea94525f,htl_64e6662b,amn_aab90d56,1,,2026-08-18T10:00:00+05:30
ham_39bf71a3,htl_0e2c0e6e,amn_6b7b205c,0,,2026-08-18T10:00:00+05:30
ham_9a668fce,htl_0e2c0e6e,amn_6b3dbdd5,1,Subject to availability,2026-08-18T10:00:00+05:30
ham_4e636710,htl_0e2c0e6e,amn_509e6855,1,,2026-08-18T10:00:00+05:30
ham_9cdbead4,htl_0e2c0e6e,amn_4690aa77,1,,2026-08-18T10:00:00+05:30
ham_3c07f5d0,htl_0e2c0e6e,amn_097715f3,1,Subject to availability,2026-08-18T10:00:00+05:30
ham_6eda0231,htl_0e2c0e6e,amn_0aa5eef9,1,,2026-08-18T10:00:00+05:30
ham_968a882d,htl_0e2c0e6e,amn_5f419901,1,,2026-08-18T10:00:00+05:30
ham_0e89fa1c,htl_0e2c0e6e,amn_3b3cfd8b,1,,2026-08-18T10:00:00+05:30
ham_cb903926,htl_34a81c98,amn_f133f52a,1,,2026-08-18T10:00:00+05:30
ham_3d0e21e6,htl_34a81c98,amn_097715f3,0,,2026-08-18T10:00:00+05:30
ham_687e7e6e,htl_34a81c98,amn_10f24325,1,Subject to availability,2026-08-18T10:00:00+05:30
ham_5bd899b3,htl_34a81c98,amn_8085a200,1,,2026-08-18T10:00:00+05:30
ham_123dfbae,htl_34a81c98,amn_3167d8f9,1,,2026-08-18T10:00:00+05:30
ham_bcb2ebb7,htl_34a81c98,amn_6e3791c8,1,,2026-08-18T10:00:00+05:30
ham_19b14203,htl_34a81c98,amn_aa21d3e3,0,,2026-08-18T10:00:00+05:30
ham_0c6fd0b8,htl_34a81c98,amn_7f076f1d,1,,2026-08-18T10:00:00+05:30
ham_31205869,htl_fc4f2312,amn_b586f4b6,1,,2026-08-18T10:00:00+05:30
ham_d6269238,htl_fc4f2312,amn_5fb5d136,0,,2026-08-18T10:00:00+05:30
ham_ba2f0e77,htl_fc4f2312,amn_855119e6,1,,2026-08-18T10:00:00+05:30
ham_37803ba6,htl_fc4f2312,amn_866070f8,1,,2026-08-18T10:00:00+05:30
ham_434e7e8d,htl_fc4f2312,amn_df266b70,1,,2026-08-18T10:00:00+05:30
ham_72825c74,htl_fc4f2312,amn_83f80abf,0,,2026-08-18T10:00:00+05:30
ham_9afe5315,htl_fc4f2312,amn_f133f52a,0,,2026-08-18T10:00:00+05:30
ham_492b5b52,htl_fc4f2312,amn_6e3791c8,1,,2026-08-18T10:00:00+05:30
ham_5da63988,htl_2c61b5c9,amn_35fe073c,0,,2026-08-18T10:00:00+05:30
ham_dffde811,htl_2c61b5c9,amn_6b2c91c4,1,,2026-08-18T10:00:00+05:30
ham_61ffffad,htl_2c61b5c9,amn_0aa5eef9,1,Subject to availability,2026-08-18T10:00:00+05:30
ham_d6d9360c,htl_2c61b5c9,amn_12210383,1,,2026-08-18T10:00:00+05:30
ham_f69bf096,htl_2c61b5c9,amn_3b3cfd8b,0,,2026-08-18T10:00:00+05:30
ham_df62465d,htl_2c61b5c9,amn_4690aa77,1,,2026-08-18T10:00:00+05:30
ham_11bc1b53,htl_2c61b5c9,amn_866070f8,0,,2026-08-18T10:00:00+05:30
ham_83c70ea5,htl_2c61b5c9,amn_5f419901,0,,2026-08-18T10:00:00+05:30
ham_318c23f0,htl_7920dc76,amn_3167d8f9,1,,2026-08-18T10:00:00+05:30
ham_c25e14c9,htl_7920dc76,amn_fdb40b8d,1,,2026-08-18T10:00:00+05:30
ham_6f80125e,htl_7920dc76,amn_e53b2ad3,1,Subject to availability,2026-08-18T10:00:00+05:30
ham_39078f7a,htl_7920dc76,amn_864b82ad,1,,2026-08-18T10:00:00+05:30
ham_d8ef7f51,htl_7920dc76,amn_5f419901,1,,2026-08-18T10:00:00+05:30
ham_72e718fd,htl_7920dc76,amn_95603f62,1,Subject to availability,2026-08-18T10:00:00+05:30
ham_d5b088dc,htl_7920dc76,amn_48f09670,1,,2026-08-18T10:00:00+05:30
ham_d1baaf70,htl_7920dc76,amn_e0ec6ba9,1,,2026-08-18T10:00:00+05:30
ham_60c90015,htl_07bfe1c5,amn_23d9dfe3,1,,2026-08-18T10:00:00+05:30
ham_0c28ab55,htl_07bfe1c5,amn_83f80abf,1,,2026-08-18T10:00:00+05:30
ham_8cf85677,htl_07bfe1c5,amn_aa21d3e3,0,,2026-08-18T10:00:00+05:30
ham_e5bcf2cd,htl_07bfe1c5,amn_f1c70f04,0,,2026-08-18T10:00:00+05:30
ham_960f6186,htl_07bfe1c5,amn_989b97b0,1,,2026-08-18T10:00:00+05:30
ham_eefc5139,htl_07bfe1c5,amn_e53b2ad3,0,,2026-08-18T10:00:00+05:30
ham_9ba839d8,htl_07bfe1c5,amn_cad0c333,1,,2026-08-18T10:00:00+05:30
ham_f2bf9b6d,htl_07bfe1c5,amn_b586f4b6,1,,2026-08-18T10:00:00+05:30
ham_cb0085c5,htl_8727e865,amn_d096bc01,1,,2026-08-18T10:00:00+05:30
ham_d9c46e4f,htl_8727e865,amn_7f076f1d,0,,2026-08-18T10:00:00+05:30
ham_7e3fd43b,htl_8727e865,amn_d90e6bd1,1,,2026-08-18T10:00:00+05:30
ham_930f73e4,htl_8727e865,amn_aa21d3e3,1,,2026-08-18T10:00:00+05:30
ham_a35c5559,htl_8727e865,amn_a01818bd,1,,2026-08-18T10:00:00+05:30
ham_2fa91394,htl_8727e865,amn_86167843,1,,2026-08-18T10:00:00+05:30
ham_c5e19838,htl_8727e865,amn_6b3dbdd5,1,,2026-08-18T10:00:00+05:30
ham_070a681e,htl_8727e865,amn_b586f4b6,0,,2026-08-18T10:00:00+05:30
ham_fa0330d8,htl_edab68d0,amn_c9036e44,1,,2026-08-18T10:00:00+05:30
ham_60a9448a,htl_edab68d0,amn_a9c2e7f7,1,,2026-08-18T10:00:00+05:30
ham_2f743f21,htl_edab68d0,amn_7d92c0fa,1,Subject to availability,2026-08-18T10:00:00+05:30
ham_24a9ad18,htl_edab68d0,amn_f1c70f04,1,,2026-08-18T10:00:00+05:30
ham_f1387a15,htl_edab68d0,amn_23d9dfe3,1,,2026-08-18T10:00:00+05:30
ham_e652123a,htl_edab68d0,amn_81dbdc6e,0,,2026-08-18T10:00:00+05:30
ham_2dfd3374,htl_edab68d0,amn_6b3dbdd5,1,,2026-08-18T10:00:00+05:30
ham_b7444912,htl_edab68d0,amn_3b3cfd8b,1,,2026-08-18T10:00:00+05:30
ham_2a1e8d33,htl_76c57a96,amn_989b97b0,1,,2026-08-18T10:00:00+05:30
ham_c1b57b4d,htl_76c57a96,amn_81dbdc6e,0,,2026-08-18T10:00:00+05:30
ham_97fa2a76,htl_76c57a96,amn_866070f8,1,Subject to availability,2026-08-18T10:00:00+05:30
ham_e513ac9f,htl_76c57a96,amn_6b3dbdd5,1,,2026-08-18T10:00:00+05:30
ham_a49cae2b,htl_76c57a96,amn_9d419789,0,,2026-08-18T10:00:00+05:30
ham_d152ce30,htl_76c57a96,amn_23d9dfe3,0,,2026-08-18T10:00:00+05:30
ham_2692fbad,htl_76c57a96,amn_6e3791c8,1,,2026-08-18T10:00:00+05:30
ham_0e42f94f,htl_76c57a96,amn_fa6b283e,1,,2026-08-18T10:00:00+05:30
ham_c442a563,htl_f6df417b,amn_3167d8f9,1,,2026-08-18T10:00:00+05:30
ham_0b9da7da,htl_f6df417b,amn_ddb15d0d,1,,2026-08-18T10:00:00+05:30
ham_7cd8175b,htl_f6df417b,amn_702292f3,1,,2026-08-18T10:00:00+05:30
ham_5ac0ab9c,htl_f6df417b,amn_097715f3,1,,2026-08-18T10:00:00+05:30
ham_635c9fc6,htl_f6df417b,amn_6b3dbdd5,1,,2026-08-18T10:00:00+05:30
ham_5a9607ec,htl_f6df417b,amn_86167843,0,,2026-08-18T10:00:00+05:30
ham_8e23f04d,htl_f6df417b,amn_0aa5eef9,1,,2026-08-18T10:00:00+05:30
ham_bf3a19ae,htl_f6df417b,amn_04903ad0,1,,2026-08-18T10:00:00+05:30
ham_840fc222,htl_73b94512,amn_866070f8,1,,2026-08-18T10:00:00+05:30
ham_686f8c82,htl_73b94512,amn_655d5165,0,,2026-08-18T10:00:00+05:30
ham_56cc4cde,htl_73b94512,amn_097715f3,1,Subject to availability,2026-08-18T10:00:00+05:30
ham_1a178000,htl_73b94512,amn_df266b70,0,,2026-08-18T10:00:00+05:30
ham_9c2ac395,htl_73b94512,amn_5fb5d136,1,,2026-08-18T10:00:00+05:30
ham_db745b48,htl_73b94512,amn_0aa5eef9,0,,2026-08-18T10:00:00+05:30
ham_59b32077,htl_73b94512,amn_fa6b283e,0,Subject to availability,2026-08-18T10:00:00+05:30
ham_b32d8c28,htl_73b94512,amn_53871212,1,,2026-08-18T10:00:00+05:30
ham_1e50add4,htl_d526541d,amn_0aa5eef9,1,,2026-08-18T10:00:00+05:30
ham_60c2045e,htl_d526541d,amn_fa6b283e,1,,2026-08-18T10:00:00+05:30
ham_81f11619,htl_d526541d,amn_864b82ad,1,Subject to availability,2026-08-18T10:00:00+05:30
ham_f7fe7cf5,htl_d526541d,amn_c5da0dfc,1,,2026-08-18T10:00:00+05:30
ham_723572c1,htl_d526541d,amn_53871212,1,,2026-08-18T10:00:00+05:30
ham_6bf99615,htl_d526541d,amn_097715f3,1,,2026-08-18T10:00:00+05:30
ham_3333bd83,htl_d526541d,amn_df266b70,1,,2026-08-18T10:00:00+05:30
ham_4770be10,htl_d526541d,amn_c9036e44,0,,2026-08-18T10:00:00+05:30
ham_fd0b9cfc,htl_c6ab89b1,amn_35fe073c,1,,2026-08-18T10:00:00+05:30
ham_1e6e0fde,htl_c6ab89b1,amn_23d9dfe3,0,,2026-08-18T10:00:00+05:30
ham_31988d48,htl_c6ab89b1,amn_ddb15d0d,1,Subject to availability,2026-08-18T10:00:00+05:30
ham_c1993daa,htl_c6ab89b1,amn_b586f4b6,0,,2026-08-18T10:00:00+05:30
ham_67f2f45b,htl_c6ab89b1,amn_fa6b283e,1,,2026-08-18T10:00:00+05:30
ham_fd946ca1,htl_c6ab89b1,amn_b62ec86d,0,,2026-08-18T10:00:00+05:30
ham_9fff4a88,htl_c6ab89b1,amn_aa21d3e3,1,,2026-08-18T10:00:00+05:30
ham_64e18dc9,htl_c6ab89b1,amn_6b3dbdd5,1,Subject to availability,2026-08-18T10:00:00+05:30
ham_10561a21,htl_cb869e4b,amn_6b3dbdd5,1,,2026-08-18T10:00:00+05:30
ham_602b21d7,htl_cb869e4b,amn_d566dd5c,1,,2026-08-18T10:00:00+05:30
ham_c67bb647,htl_cb869e4b,amn_fdb40b8d,1,,2026-08-18T10:00:00+05:30
ham_51578d69,htl_cb869e4b,amn_f1c70f04,1,,2026-08-18T10:00:00+05:30
ham_c270170b,htl_cb869e4b,amn_c9036e44,1,,2026-08-18T10:00:00+05:30
ham_bbf587fd,htl_cb869e4b,amn_4690aa77,1,,2026-08-18T10:00:00+05:30
ham_9761132c,htl_cb869e4b,amn_b62ec86d,1,,2026-08-18T10:00:00+05:30
ham_dc300c76,htl_cb869e4b,amn_10f24325,1,Subject to availability,2026-08-18T10:00:00+05:30
ham_a178a8f3,htl_53f95667,amn_e53b2ad3,1,,2026-08-18T10:00:00+05:30
ham_6ccdbf30,htl_53f95667,amn_12210383,0,,2026-08-18T10:00:00+05:30
ham_a1e84854,htl_53f95667,amn_6b7b205c,0,,2026-08-18T10:00:00+05:30
ham_a5b0de5b,htl_53f95667,amn_509e6855,0,,2026-08-18T10:00:00+05:30
ham_c82429f5,htl_53f95667,amn_989b97b0,1,,2026-08-18T10:00:00+05:30
ham_47f577d4,htl_53f95667,amn_53871212,1,,2026-08-18T10:00:00+05:30
ham_52763581,htl_53f95667,amn_655d5165,1,,2026-08-18T10:00:00+05:30
ham_8d3aac2d,htl_53f95667,amn_df266b70,1,,2026-08-18T10:00:00+05:30
ham_833c350a,htl_4449653d,amn_e50effef,1,,2026-08-18T10:00:00+05:30
ham_cb78fe19,htl_4449653d,amn_d566dd5c,0,,2026-08-18T10:00:00+05:30
ham_266e04a8,htl_4449653d,amn_097715f3,1,,2026-08-18T10:00:00+05:30
ham_4789d2f3,htl_4449653d,amn_d90e6bd1,0,,2026-08-18T10:00:00+05:30
ham_e586bd1f,htl_4449653d,amn_b586f4b6,1,,2026-08-18T10:00:00+05:30
ham_f8f57742,htl_4449653d,amn_e0ec6ba9,0,Subject to availability,2026-08-18T10:00:00+05:30
ham_ef444757,htl_4449653d,amn_04903ad0,0,,2026-08-18T10:00:00+05:30
ham_1ae4f01b,htl_4449653d,amn_855119e6,0,,2026-08-18T10:00:00+05:30
ham_47660836,htl_6439d03a,amn_d566dd5c,1,,2026-08-18T10:00:00+05:30
ham_d6b21850,htl_6439d03a,amn_e3103f6e,0,,2026-08-18T10:00:00+05:30
ham_aed82416,htl_6439d03a,amn_702292f3,1,,2026-08-18T10:00:00+05:30
ham_2f8e647a,htl_6439d03a,amn_fdb40b8d,1,,2026-08-18T10:00:00+05:30
ham_9ccd9f71,htl_6439d03a,amn_a9c2e7f7,1,,2026-08-18T10:00:00+05:30
ham_c736fe9b,htl_6439d03a,amn_5f419901,1,,2026-08-18T10:00:00+05:30
ham_e0c4a622,htl_6439d03a,amn_864b82ad,1,,2026-08-18T10:00:00+05:30
ham_bd253d6b,htl_6439d03a,amn_c5da0dfc,0,,2026-08-18T10:00:00+05:30
ham_fca5e07e,htl_e28207c9,amn_d096bc01,1,,2026-08-18T10:00:00+05:30
ham_419b7c48,htl_e28207c9,amn_cad0c333,1,,2026-08-18T10:00:00+05:30
ham_aa765774,htl_e28207c9,amn_855119e6,1,,2026-08-18T10:00:00+05:30
ham_f3ae0b0a,htl_e28207c9,amn_5f419901,1,,2026-08-18T10:00:00+05:30
ham_ede0883e,htl_e28207c9,amn_b586f4b6,1,,2026-08-18T10:00:00+05:30
ham_2567dca8,htl_e28207c9,amn_1c1f3c38,1,,2026-08-18T10:00:00+05:30
ham_71e41434,htl_e28207c9,amn_088a3bd3,1,Subject to availability,2026-08-18T10:00:00+05:30
ham_7b74e57a,htl_e28207c9,amn_097715f3,1,,2026-08-18T10:00:00+05:30
ham_ec75b04d,htl_6fdb8c08,amn_6b7b205c,1,,2026-08-18T10:00:00+05:30
ham_0ad04d99,htl_6fdb8c08,amn_655d5165,0,,2026-08-18T10:00:00+05:30
ham_8b1a110a,htl_6fdb8c08,amn_b586f4b6,1,,2026-08-18T10:00:00+05:30
ham_43270e3d,htl_6fdb8c08,amn_12210383,0,,2026-08-18T10:00:00+05:30
ham_f0f86c3e,htl_6fdb8c08,amn_fdb40b8d,1,,2026-08-18T10:00:00+05:30
ham_17a8f00a,htl_6fdb8c08,amn_ddb15d0d,1,,2026-08-18T10:00:00+05:30
ham_daf5d578,htl_6fdb8c08,amn_6b2c91c4,0,,2026-08-18T10:00:00+05:30
ham_040411b9,htl_6fdb8c08,amn_aab90d56,1,,2026-08-18T10:00:00+05:30
ham_a3c38730,htl_f819e1d6,amn_855119e6,1,,2026-08-18T10:00:00+05:30
ham_b1c64cd8,htl_f819e1d6,amn_83f80abf,1,,2026-08-18T10:00:00+05:30
ham_6a433ce1,htl_f819e1d6,amn_fa6b283e,0,,2026-08-18T10:00:00+05:30
ham_1ee3e8fd,htl_f819e1d6,amn_5fb5d136,0,Subject to availability,2026-08-18T10:00:00+05:30
ham_0cee4797,htl_f819e1d6,amn_e0ec6ba9,0,,2026-08-18T10:00:00+05:30
ham_6065ef07,htl_f819e1d6,amn_702292f3,0,,2026-08-18T10:00:00+05:30
ham_8a800aba,htl_f819e1d6,amn_df266b70,1,Subject to availability,2026-08-18T10:00:00+05:30
ham_30f2d02d,htl_f819e1d6,amn_866070f8,1,Subject to availability,2026-08-18T10:00:00+05:30
ham_1a64aa8f,htl_7e8acd66,amn_86167843,0,,2026-08-18T10:00:00+05:30
ham_d7952528,htl_7e8acd66,amn_9d419789,1,,2026-08-18T10:00:00+05:30
ham_e772a9fd,htl_7e8acd66,amn_d566dd5c,0,,2026-08-18T10:00:00+05:30
ham_1446e566,htl_7e8acd66,amn_f133f52a,0,,2026-08-18T10:00:00+05:30
ham_1dc94d78,htl_7e8acd66,amn_81dbdc6e,1,,2026-08-18T10:00:00+05:30
ham_cd2b1bc1,htl_7e8acd66,amn_5f419901,0,,2026-08-18T10:00:00+05:30
ham_e03f955f,htl_7e8acd66,amn_5fb5d136,1,Subject to availability,2026-08-18T10:00:00+05:30
ham_504a3d7d,htl_7e8acd66,amn_10f24325,0,,2026-08-18T10:00:00+05:30
ham_06be384a,htl_52debcee,amn_81dbdc6e,1,,2026-08-18T10:00:00+05:30
ham_65390540,htl_52debcee,amn_f74ad76b,1,Subject to availability,2026-08-18T10:00:00+05:30
ham_95e0ae37,htl_52debcee,amn_83f80abf,0,,2026-08-18T10:00:00+05:30
ham_ff9a3186,htl_52debcee,amn_097715f3,1,,2026-08-18T10:00:00+05:30
ham_d5ac85cf,htl_52debcee,amn_7b2de8e7,1,,2026-08-18T10:00:00+05:30
ham_b7e34cc9,htl_52debcee,amn_b586f4b6,1,,2026-08-18T10:00:00+05:30
ham_7f3b277f,htl_52debcee,amn_855119e6,0,,2026-08-18T10:00:00+05:30
ham_cb195303,htl_52debcee,amn_5fb5d136,0,,2026-08-18T10:00:00+05:30
ham_78b1e148,htl_b76950b4,amn_0aa5eef9,1,Subject to availability,2026-08-18T10:00:00+05:30
ham_00bc167f,htl_b76950b4,amn_d096bc01,1,,2026-08-18T10:00:00+05:30
ham_46bc699c,htl_b76950b4,amn_4690aa77,1,,2026-08-18T10:00:00+05:30
ham_f946687b,htl_b76950b4,amn_23d9dfe3,1,,2026-08-18T10:00:00+05:30
ham_d75f0cab,htl_b76950b4,amn_866070f8,1,,2026-08-18T10:00:00+05:30
ham_dda9e6c0,htl_b76950b4,amn_04903ad0,1,,2026-08-18T10:00:00+05:30
ham_dadfeb40,htl_b76950b4,amn_aa21d3e3,1,,2026-08-18T10:00:00+05:30
ham_6caf810d,htl_b76950b4,amn_12210383,1,,2026-08-18T10:00:00+05:30
ham_aeb16f8a,htl_bf05fe97,amn_f1c70f04,1,,2026-08-18T10:00:00+05:30
ham_0d7efe40,htl_bf05fe97,amn_53871212,1,,2026-08-18T10:00:00+05:30
ham_7431d45b,htl_bf05fe97,amn_fa6b283e,1,,2026-08-18T10:00:00+05:30
ham_954a6007,htl_bf05fe97,amn_6e3791c8,1,Subject to availability,2026-08-18T10:00:00+05:30
ham_6658cdf5,htl_bf05fe97,amn_04903ad0,1,,2026-08-18T10:00:00+05:30
ham_651ca888,htl_bf05fe97,amn_0aa5eef9,0,,2026-08-18T10:00:00+05:30
ham_88c49198,htl_bf05fe97,amn_5fb5d136,1,,2026-08-18T10:00:00+05:30
ham_4d698efb,htl_bf05fe97,amn_d90e6bd1,0,,2026-08-18T10:00:00+05:30
ham_25e1291e,htl_4a6af4a8,amn_6b3dbdd5,0,Subject to availability,2026-08-18T10:00:00+05:30
ham_d156ca8f,htl_4a6af4a8,amn_48f09670,0,,2026-08-18T10:00:00+05:30
ham_68754374,htl_4a6af4a8,amn_989b97b0,1,,2026-08-18T10:00:00+05:30
ham_b6dfe314,htl_4a6af4a8,amn_0aa5eef9,1,Subject to availability,2026-08-18T10:00:00+05:30
ham_d5ed4efb,htl_4a6af4a8,amn_7f076f1d,0,,2026-08-18T10:00:00+05:30
ham_c0a1e7a6,htl_4a6af4a8,amn_ddb15d0d,1,,2026-08-18T10:00:00+05:30
ham_242084a3,htl_4a6af4a8,amn_8085a200,1,,2026-08-18T10:00:00+05:30
ham_ac5b5f46,htl_4a6af4a8,amn_c5da0dfc,0,,2026-08-18T10:00:00+05:30
ham_559a8bd7,htl_692b71cc,amn_3167d8f9,1,,2026-08-18T10:00:00+05:30
ham_471da0f7,htl_692b71cc,amn_855119e6,1,,2026-08-18T10:00:00+05:30
ham_2ba4cd05,htl_692b71cc,amn_95603f62,1,,2026-08-18T10:00:00+05:30
ham_83a892b1,htl_692b71cc,amn_04903ad0,0,,2026-08-18T10:00:00+05:30
ham_77e1d592,htl_692b71cc,amn_f1c70f04,0,,2026-08-18T10:00:00+05:30
ham_39fd2f06,htl_692b71cc,amn_3b3cfd8b,1,Subject to availability,2026-08-18T10:00:00+05:30
ham_5886c324,htl_692b71cc,amn_5738f1cd,1,,2026-08-18T10:00:00+05:30
ham_82bb94b0,htl_692b71cc,amn_f133f52a,1,,2026-08-18T10:00:00+05:30
ham_21597aa2,htl_6961a498,amn_3b3cfd8b,1,,2026-08-18T10:00:00+05:30
ham_8984beb1,htl_6961a498,amn_4690aa77,1,,2026-08-18T10:00:00+05:30
ham_d9d38281,htl_6961a498,amn_5fb5d136,1,Subject to availability,2026-08-18T10:00:00+05:30
ham_569d8432,htl_6961a498,amn_855119e6,1,,2026-08-18T10:00:00+05:30
ham_6b9243a4,htl_6961a498,amn_702292f3,0,,2026-08-18T10:00:00+05:30
ham_3e324bb9,htl_6961a498,amn_aa21d3e3,1,Subject to availability,2026-08-18T10:00:00+05:30
ham_e012b9d6,htl_6961a498,amn_86167843,1,,2026-08-18T10:00:00+05:30
ham_8668570f,htl_6961a498,amn_509e6855,1,,2026-08-18T10:00:00+05:30
ham_07311a9f,htl_1dc2d45a,amn_fdb40b8d,1,,2026-08-18T10:00:00+05:30
ham_2b7b9af8,htl_1dc2d45a,amn_b62ec86d,1,,2026-08-18T10:00:00+05:30
ham_eb26b0ca,htl_1dc2d45a,amn_df266b70,1,,2026-08-18T10:00:00+05:30
ham_34f0bf34,htl_1dc2d45a,amn_35fe073c,1,,2026-08-18T10:00:00+05:30
ham_75eb3e46,htl_1dc2d45a,amn_e50effef,1,,2026-08-18T10:00:00+05:30
ham_6ea07aeb,htl_1dc2d45a,amn_ddb15d0d,1,,2026-08-18T10:00:00+05:30
ham_45aec8ea,htl_1dc2d45a,amn_c9036e44,1,,2026-08-18T10:00:00+05:30
ham_d17f3c42,htl_1dc2d45a,amn_4690aa77,1,Subject to availability,2026-08-18T10:00:00+05:30
ham_f0b27d33,htl_d1ff6baa,amn_6b7b205c,1,,2026-08-18T10:00:00+05:30
ham_c75f795a,htl_d1ff6baa,amn_c9036e44,1,,2026-08-18T10:00:00+05:30
ham_449095f8,htl_d1ff6baa,amn_86167843,1,,2026-08-18T10:00:00+05:30
ham_00acbc1a,htl_d1ff6baa,amn_e3103f6e,1,,2026-08-18T10:00:00+05:30
ham_b0b3ec1b,htl_d1ff6baa,amn_aa21d3e3,1,,2026-08-18T10:00:00+05:30
ham_cd6bce99,htl_d1ff6baa,amn_d566dd5c,1,,2026-08-18T10:00:00+05:30
ham_b442e981,htl_d1ff6baa,amn_866070f8,1,,2026-08-18T10:00:00+05:30
ham_efb0749b,htl_d1ff6baa,amn_6e3791c8,1,,2026-08-18T10:00:00+05:30
ham_57565385,htl_28873757,amn_ddb15d0d,0,,2026-08-18T10:00:00+05:30
ham_ea42ecd1,htl_28873757,amn_e53b2ad3,1,,2026-08-18T10:00:00+05:30
ham_21e2f573,htl_28873757,amn_088a3bd3,1,,2026-08-18T10:00:00+05:30
ham_e0d85e33,htl_28873757,amn_95603f62,1,,2026-08-18T10:00:00+05:30
ham_3b729072,htl_28873757,amn_f1c70f04,0,,2026-08-18T10:00:00+05:30
ham_3c8bc9af,htl_28873757,amn_b62ec86d,1,,2026-08-18T10:00:00+05:30
ham_fa052a16,htl_28873757,amn_4690aa77,1,,2026-08-18T10:00:00+05:30
ham_0ea661b1,htl_28873757,amn_e3103f6e,0,,2026-08-18T10:00:00+05:30
ham_86af22e3,htl_be32214e,amn_c9036e44,1,Subject to availability,2026-08-18T10:00:00+05:30
ham_be102a3b,htl_be32214e,amn_c5da0dfc,0,,2026-08-18T10:00:00+05:30
ham_4f96522a,htl_be32214e,amn_ddb15d0d,0,,2026-08-18T10:00:00+05:30
ham_76f7a4b3,htl_be32214e,amn_81dbdc6e,1,,2026-08-18T10:00:00+05:30
ham_124474b6,htl_be32214e,amn_509e6855,1,,2026-08-18T10:00:00+05:30
ham_06775afa,htl_be32214e,amn_b62ec86d,0,Subject to availability,2026-08-18T10:00:00+05:30
ham_023359dc,htl_be32214e,amn_3167d8f9,1,,2026-08-18T10:00:00+05:30
ham_e795f99c,htl_be32214e,amn_6b2c91c4,1,,2026-08-18T10:00:00+05:30
ham_20d5b91d,htl_9553dd98,amn_04903ad0,1,,2026-08-18T10:00:00+05:30
ham_dbe40d84,htl_9553dd98,amn_6b7b205c,1,,2026-08-18T10:00:00+05:30
ham_f48cbb2b,htl_9553dd98,amn_d566dd5c,1,Subject to availability,2026-08-18T10:00:00+05:30
ham_f91b4800,htl_9553dd98,amn_ddb15d0d,1,,2026-08-18T10:00:00+05:30
ham_d343762d,htl_9553dd98,amn_864b82ad,1,,2026-08-18T10:00:00+05:30
ham_792f94f3,htl_9553dd98,amn_c9036e44,0,,2026-08-18T10:00:00+05:30
ham_192a9d83,htl_9553dd98,amn_b62ec86d,1,,2026-08-18T10:00:00+05:30
ham_13dc23d2,htl_9553dd98,amn_7f076f1d,0,,2026-08-18T10:00:00+05:30
ham_8e64ef41,htl_7d0e7ea3,amn_1c1f3c38,1,,2026-08-18T10:00:00+05:30
ham_5b4cff0e,htl_7d0e7ea3,amn_d096bc01,1,,2026-08-18T10:00:00+05:30
ham_9f1a238c,htl_7d0e7ea3,amn_12210383,1,,2026-08-18T10:00:00+05:30
ham_7ae81fc7,htl_7d0e7ea3,amn_aab90d56,1,,2026-08-18T10:00:00+05:30
ham_7891fce6,htl_7d0e7ea3,amn_509e6855,1,,2026-08-18T10:00:00+05:30
ham_d8fbf571,htl_7d0e7ea3,amn_04903ad0,1,,2026-08-18T10:00:00+05:30
ham_ae9727bf,htl_7d0e7ea3,amn_86167843,0,,2026-08-18T10:00:00+05:30
ham_76009b6e,htl_7d0e7ea3,amn_5738f1cd,1,,2026-08-18T10:00:00+05:30
ham_b6f7b9bd,htl_7cacf12d,amn_81dbdc6e,1,,2026-08-18T10:00:00+05:30
ham_ef1fe877,htl_7cacf12d,amn_097715f3,1,,2026-08-18T10:00:00+05:30
ham_9156694c,htl_7cacf12d,amn_b62ec86d,1,,2026-08-18T10:00:00+05:30
ham_9ee7061c,htl_7cacf12d,amn_866070f8,1,,2026-08-18T10:00:00+05:30
ham_159cecd1,htl_7cacf12d,amn_35fe073c,0,Subject to availability,2026-08-18T10:00:00+05:30
ham_a63481ac,htl_7cacf12d,amn_6e3791c8,0,,2026-08-18T10:00:00+05:30
ham_3039cca7,htl_7cacf12d,amn_a01818bd,1,,2026-08-18T10:00:00+05:30
ham_0611d629,htl_7cacf12d,amn_7d92c0fa,0,,2026-08-18T10:00:00+05:30
ham_544f942d,htl_107cf306,amn_f74ad76b,1,,2026-08-18T10:00:00+05:30
ham_d81432f2,htl_107cf306,amn_fa6b283e,1,,2026-08-18T10:00:00+05:30
ham_b91ad819,htl_107cf306,amn_f1c70f04,1,,2026-08-18T10:00:00+05:30
ham_98e0cd2d,htl_107cf306,amn_9d419789,1,,2026-08-18T10:00:00+05:30
ham_8e059fc6,htl_107cf306,amn_df266b70,0,,2026-08-18T10:00:00+05:30
ham_03a516b5,htl_107cf306,amn_097715f3,1,,2026-08-18T10:00:00+05:30
ham_b0f4097e,htl_107cf306,amn_81dbdc6e,0,,2026-08-18T10:00:00+05:30
ham_f05a6ab2,htl_107cf306,amn_d90e6bd1,1,Subject to availability,2026-08-18T10:00:00+05:30
ham_7d49f81f,htl_9fca9e1c,amn_df266b70,1,,2026-08-18T10:00:00+05:30
ham_39567e37,htl_9fca9e1c,amn_81dbdc6e,1,,2026-08-18T10:00:00+05:30
ham_c9848f4e,htl_9fca9e1c,amn_864b82ad,1,,2026-08-18T10:00:00+05:30
ham_84460212,htl_9fca9e1c,amn_866070f8,0,Subject to availability,2026-08-18T10:00:00+05:30
ham_168047d7,htl_9fca9e1c,amn_aa21d3e3,1,,2026-08-18T10:00:00+05:30
ham_a138d43d,htl_9fca9e1c,amn_1c1f3c38,0,,2026-08-18T10:00:00+05:30
ham_25f9cb6d,htl_9fca9e1c,amn_509e6855,0,,2026-08-18T10:00:00+05:30
ham_5d42b811,htl_9fca9e1c,amn_fdb40b8d,1,,2026-08-18T10:00:00+05:30
ham_2b8cb269,htl_55eda192,amn_48f09670,1,,2026-08-18T10:00:00+05:30
ham_a28af41d,htl_55eda192,amn_097715f3,0,,2026-08-18T10:00:00+05:30
ham_14ce7f9e,htl_55eda192,amn_864b82ad,1,,2026-08-18T10:00:00+05:30
ham_ea00901e,htl_55eda192,amn_0aa5eef9,1,Subject to availability,2026-08-18T10:00:00+05:30
ham_ba60aa3c,htl_55eda192,amn_d096bc01,1,,2026-08-18T10:00:00+05:30
ham_63518e1f,htl_55eda192,amn_12210383,0,,2026-08-18T10:00:00+05:30
ham_81c79620,htl_55eda192,amn_8085a200,1,Subject to availability,2026-08-18T10:00:00+05:30
ham_e9b61ef5,htl_55eda192,amn_53871212,1,,2026-08-18T10:00:00+05:30
ham_452bb569,htl_85d1f924,amn_655d5165,0,,2026-08-18T10:00:00+05:30
ham_2cc05be8,htl_85d1f924,amn_702292f3,1,,2026-08-18T10:00:00+05:30
ham_dc2e3dd2,htl_85d1f924,amn_d096bc01,1,,2026-08-18T10:00:00+05:30
ham_1540f4a1,htl_85d1f924,amn_0aa5eef9,1,,2026-08-18T10:00:00+05:30
ham_2239e733,htl_85d1f924,amn_a9c2e7f7,0,,2026-08-18T10:00:00+05:30
ham_893a341e,htl_85d1f924,amn_fdb40b8d,1,,2026-08-18T10:00:00+05:30
ham_5d986b30,htl_85d1f924,amn_9d419789,1,Subject to availability,2026-08-18T10:00:00+05:30
ham_58c1a5d2,htl_85d1f924,amn_c5da0dfc,0,,2026-08-18T10:00:00+05:30
ham_383fe54f,htl_fa769a3e,amn_4690aa77,1,Subject to availability,2026-08-18T10:00:00+05:30
ham_856d7b0a,htl_fa769a3e,amn_5fb5d136,1,,2026-08-18T10:00:00+05:30
ham_dd164e43,htl_fa769a3e,amn_5738f1cd,0,,2026-08-18T10:00:00+05:30
ham_92f70bf3,htl_fa769a3e,amn_3b3cfd8b,1,,2026-08-18T10:00:00+05:30
ham_9769efa1,htl_fa769a3e,amn_088a3bd3,1,,2026-08-18T10:00:00+05:30
ham_00ec6f04,htl_fa769a3e,amn_e0ec6ba9,0,,2026-08-18T10:00:00+05:30
ham_9ce5bb20,htl_fa769a3e,amn_864b82ad,0,,2026-08-18T10:00:00+05:30
ham_d56e0101,htl_fa769a3e,amn_b62ec86d,0,,2026-08-18T10:00:00+05:30
ham_c0fdb910,htl_4906f5ef,amn_81dbdc6e,1,,2026-08-18T10:00:00+05:30
ham_dadbd342,htl_4906f5ef,amn_b586f4b6,1,,2026-08-18T10:00:00+05:30
ham_33971901,htl_4906f5ef,amn_23d9dfe3,1,,2026-08-18T10:00:00+05:30
ham_cb8c3e17,htl_4906f5ef,amn_04903ad0,0,,2026-08-18T10:00:00+05:30
ham_6ba85566,htl_4906f5ef,amn_8085a200,1,,2026-08-18T10:00:00+05:30
ham_f35c8065,htl_4906f5ef,amn_5738f1cd,1,,2026-08-18T10:00:00+05:30
ham_e4605283,htl_4906f5ef,amn_6b2c91c4,1,,2026-08-18T10:00:00+05:30
ham_6304a3bd,htl_4906f5ef,amn_d90e6bd1,1,Subject to availability,2026-08-18T10:00:00+05:30
ham_4843b4a3,htl_722f8202,amn_4690aa77,1,,2026-08-18T10:00:00+05:30
ham_6b670d6c,htl_722f8202,amn_c5da0dfc,1,,2026-08-18T10:00:00+05:30
ham_58f76f73,htl_722f8202,amn_81dbdc6e,1,,2026-08-18T10:00:00+05:30
ham_16d9d5c7,htl_722f8202,amn_fa6b283e,1,,2026-08-18T10:00:00+05:30
ham_b8961e09,htl_722f8202,amn_509e6855,1,,2026-08-18T10:00:00+05:30
ham_524dac3a,htl_722f8202,amn_fdb40b8d,0,,2026-08-18T10:00:00+05:30
ham_305f45d2,htl_722f8202,amn_df266b70,0,,2026-08-18T10:00:00+05:30
ham_eb80464b,htl_722f8202,amn_097715f3,1,,2026-08-18T10:00:00+05:30
ham_8c594c7f,htl_f8fc5376,amn_f1c70f04,1,,2026-08-18T10:00:00+05:30
ham_b288b265,htl_f8fc5376,amn_8085a200,0,,2026-08-18T10:00:00+05:30
ham_32fa60d2,htl_f8fc5376,amn_6b7b205c,1,,2026-08-18T10:00:00+05:30
ham_473b3585,htl_f8fc5376,amn_e53b2ad3,1,,2026-08-18T10:00:00+05:30
ham_9134969f,htl_f8fc5376,amn_c9036e44,1,,2026-08-18T10:00:00+05:30
ham_9e0dfcbb,htl_f8fc5376,amn_088a3bd3,1,,2026-08-18T10:00:00+05:30
ham_041f8368,htl_f8fc5376,amn_6e3791c8,1,,2026-08-18T10:00:00+05:30
ham_16fba225,htl_f8fc5376,amn_c5da0dfc,1,,2026-08-18T10:00:00+05:30
ham_23216952,htl_704d96f5,amn_9d419789,1,,2026-08-18T10:00:00+05:30
ham_c7e7677d,htl_704d96f5,amn_5f419901,1,,2026-08-18T10:00:00+05:30
ham_8565b36c,htl_704d96f5,amn_23d9dfe3,1,Subject to availability,2026-08-18T10:00:00+05:30
ham_bd3d7c08,htl_704d96f5,amn_0aa5eef9,1,,2026-08-18T10:00:00+05:30
ham_95582369,htl_704d96f5,amn_b62ec86d,1,,2026-08-18T10:00:00+05:30
ham_b1c6d6ce,htl_704d96f5,amn_fdb40b8d,1,,2026-08-18T10:00:00+05:30
ham_4419b151,htl_704d96f5,amn_d096bc01,1,,2026-08-18T10:00:00+05:30
ham_c19e8f19,htl_704d96f5,amn_702292f3,0,,2026-08-18T10:00:00+05:30
ham_db0661bd,htl_14aa3026,amn_702292f3,1,,2026-08-18T10:00:00+05:30
ham_f8df6fe9,htl_14aa3026,amn_04903ad0,1,,2026-08-18T10:00:00+05:30
ham_dc0d3219,htl_14aa3026,amn_6b2c91c4,0,,2026-08-18T10:00:00+05:30
ham_d7ed7896,htl_14aa3026,amn_5fb5d136,1,,2026-08-18T10:00:00+05:30
ham_e4d71a13,htl_14aa3026,amn_5f419901,1,,2026-08-18T10:00:00+05:30
ham_0add6cad,htl_14aa3026,amn_7b2de8e7,1,Subject to availability,2026-08-18T10:00:00+05:30
ham_9828a9a3,htl_14aa3026,amn_d096bc01,1,,2026-08-18T10:00:00+05:30
ham_2d2c5619,htl_14aa3026,amn_c9036e44,1,,2026-08-18T10:00:00+05:30
ham_cbf03b52,htl_1ef3de6b,amn_12210383,1,Subject to availability,2026-08-18T10:00:00+05:30
ham_ac934139,htl_1ef3de6b,amn_df266b70,0,,2026-08-18T10:00:00+05:30
ham_73f7d421,htl_1ef3de6b,amn_855119e6,0,,2026-08-18T10:00:00+05:30
ham_bb075f00,htl_1ef3de6b,amn_f133f52a,1,,2026-08-18T10:00:00+05:30
ham_8b5425fc,htl_1ef3de6b,amn_509e6855,1,,2026-08-18T10:00:00+05:30
ham_c5f36288,htl_1ef3de6b,amn_9d419789,1,,2026-08-18T10:00:00+05:30
ham_2f220762,htl_1ef3de6b,amn_53871212,1,,2026-08-18T10:00:00+05:30
ham_e94fd44f,htl_1ef3de6b,amn_c9036e44,0,,2026-08-18T10:00:00+05:30
ham_1740a6b9,htl_13ad06f2,amn_e0ec6ba9,0,,2026-08-18T10:00:00+05:30
ham_64fe3284,htl_13ad06f2,amn_35fe073c,1,,2026-08-18T10:00:00+05:30
ham_4ca3d949,htl_13ad06f2,amn_aa21d3e3,0,,2026-08-18T10:00:00+05:30
ham_4cee6acf,htl_13ad06f2,amn_7f076f1d,1,,2026-08-18T10:00:00+05:30
ham_c6782e08,htl_13ad06f2,amn_5fb5d136,1,,2026-08-18T10:00:00+05:30
ham_2e544926,htl_13ad06f2,amn_12210383,1,,2026-08-18T10:00:00+05:30
ham_84b832e3,htl_13ad06f2,amn_7b2de8e7,1,,2026-08-18T10:00:00+05:30
ham_8f8e4f28,htl_13ad06f2,amn_d096bc01,1,,2026-08-18T10:00:00+05:30
ham_c12d6b7f,htl_5488ed63,amn_fdb40b8d,1,,2026-08-18T10:00:00+05:30
ham_53e0dd31,htl_5488ed63,amn_b586f4b6,0,,2026-08-18T10:00:00+05:30
ham_ccc44a8b,htl_5488ed63,amn_81dbdc6e,1,,2026-08-18T10:00:00+05:30
ham_2670589b,htl_5488ed63,amn_f74ad76b,1,,2026-08-18T10:00:00+05:30
ham_98efc623,htl_5488ed63,amn_6b7b205c,1,,2026-08-18T10:00:00+05:30
ham_87f6f7b4,htl_5488ed63,amn_3b3cfd8b,1,,2026-08-18T10:00:00+05:30
ham_ea663d1c,htl_5488ed63,amn_3167d8f9,1,,2026-08-18T10:00:00+05:30
ham_8f654140,htl_5488ed63,amn_7f076f1d,0,,2026-08-18T10:00:00+05:30
ham_3ae09e52,htl_ed48c7a2,amn_5fb5d136,0,,2026-08-18T10:00:00+05:30
ham_e069a4fa,htl_ed48c7a2,amn_0aa5eef9,1,Subject to availability,2026-08-18T10:00:00+05:30
ham_30d625b9,htl_ed48c7a2,amn_fdb40b8d,1,,2026-08-18T10:00:00+05:30
ham_49598426,htl_ed48c7a2,amn_e50effef,0,,2026-08-18T10:00:00+05:30
ham_06f4b0b5,htl_ed48c7a2,amn_10f24325,1,,2026-08-18T10:00:00+05:30
ham_33ccb590,htl_ed48c7a2,amn_7f076f1d,1,,2026-08-18T10:00:00+05:30
ham_0b06c302,htl_ed48c7a2,amn_7b2de8e7,1,Subject to availability,2026-08-18T10:00:00+05:30
ham_4d0d0c21,htl_ed48c7a2,amn_04903ad0,0,,2026-08-18T10:00:00+05:30
ham_230cc3da,htl_aceeb75d,amn_f1c70f04,0,,2026-08-18T10:00:00+05:30
ham_51628c96,htl_aceeb75d,amn_12210383,1,,2026-08-18T10:00:00+05:30
ham_eca4e6d8,htl_aceeb75d,amn_866070f8,1,,2026-08-18T10:00:00+05:30
ham_08679240,htl_aceeb75d,amn_10f24325,1,,2026-08-18T10:00:00+05:30
ham_9a0e1b60,htl_aceeb75d,amn_097715f3,1,,2026-08-18T10:00:00+05:30
ham_0857400a,htl_aceeb75d,amn_1c1f3c38,0,,2026-08-18T10:00:00+05:30
ham_0f994426,htl_aceeb75d,amn_5fb5d136,1,,2026-08-18T10:00:00+05:30
ham_a49fe367,htl_aceeb75d,amn_a9c2e7f7,0,Subject to availability,2026-08-18T10:00:00+05:30
ham_cad5642a,htl_df0a4506,amn_989b97b0,1,,2026-08-18T10:00:00+05:30
ham_a1c65545,htl_df0a4506,amn_f74ad76b,1,,2026-08-18T10:00:00+05:30
ham_68f3bfad,htl_df0a4506,amn_48f09670,1,Subject to availability,2026-08-18T10:00:00+05:30
ham_d8e7fadf,htl_df0a4506,amn_5738f1cd,1,,2026-08-18T10:00:00+05:30
ham_41a8af23,htl_df0a4506,amn_e3103f6e,1,Subject to availability,2026-08-18T10:00:00+05:30
ham_8dc40e5f,htl_df0a4506,amn_7f076f1d,0,,2026-08-18T10:00:00+05:30
ham_0081aef1,htl_df0a4506,amn_d90e6bd1,0,,2026-08-18T10:00:00+05:30
ham_840bca37,htl_df0a4506,amn_a01818bd,1,,2026-08-18T10:00:00+05:30
ham_b65f0783,htl_5cc7b022,amn_f74ad76b,1,Subject to availability,2026-08-18T10:00:00+05:30
ham_97bc0a33,htl_5cc7b022,amn_f133f52a,0,,2026-08-18T10:00:00+05:30
ham_a79dec44,htl_5cc7b022,amn_b62ec86d,0,,2026-08-18T10:00:00+05:30
ham_97be6247,htl_5cc7b022,amn_df266b70,1,,2026-08-18T10:00:00+05:30
ham_2074a8a3,htl_5cc7b022,amn_3167d8f9,1,Subject to availability,2026-08-18T10:00:00+05:30
ham_3cbf15c2,htl_5cc7b022,amn_655d5165,0,,2026-08-18T10:00:00+05:30
ham_af528a33,htl_5cc7b022,amn_9d419789,1,,2026-08-18T10:00:00+05:30
ham_8ef4ff01,htl_5cc7b022,amn_53871212,1,,2026-08-18T10:00:00+05:30
ham_11073b58,htl_436d4430,amn_1c1f3c38,0,,2026-08-18T10:00:00+05:30
ham_70eef97a,htl_436d4430,amn_5738f1cd,0,,2026-08-18T10:00:00+05:30
ham_94173c53,htl_436d4430,amn_fa6b283e,0,,2026-08-18T10:00:00+05:30
ham_e647764e,htl_436d4430,amn_6b3dbdd5,1,,2026-08-18T10:00:00+05:30
ham_58f7e9c9,htl_436d4430,amn_e50effef,0,,2026-08-18T10:00:00+05:30
ham_83ce8893,htl_436d4430,amn_864b82ad,1,,2026-08-18T10:00:00+05:30
ham_e79b1596,htl_436d4430,amn_f74ad76b,1,,2026-08-18T10:00:00+05:30
ham_708e041e,htl_436d4430,amn_e0ec6ba9,1,,2026-08-18T10:00:00+05:30
ham_018e7b4e,htl_ee1f6167,amn_866070f8,1,,2026-08-18T10:00:00+05:30
ham_7c7ed6d2,htl_ee1f6167,amn_6b2c91c4,1,,2026-08-18T10:00:00+05:30
ham_c9ddeeb1,htl_ee1f6167,amn_35fe073c,0,,2026-08-18T10:00:00+05:30
ham_6cab51df,htl_ee1f6167,amn_f1c70f04,0,,2026-08-18T10:00:00+05:30
ham_e22f860b,htl_ee1f6167,amn_7d92c0fa,0,Subject to availability,2026-08-18T10:00:00+05:30
ham_317a3fc5,htl_ee1f6167,amn_fa6b283e,1,,2026-08-18T10:00:00+05:30
ham_801fc02d,htl_ee1f6167,amn_a01818bd,0,,2026-08-18T10:00:00+05:30
ham_f761b7d2,htl_ee1f6167,amn_aab90d56,0,,2026-08-18T10:00:00+05:30
ham_a283d2fb,htl_6f9c55b9,amn_35fe073c,1,,2026-08-18T10:00:00+05:30
ham_3e9162ad,htl_6f9c55b9,amn_d096bc01,0,Subject to availability,2026-08-18T10:00:00+05:30
ham_23c8f924,htl_6f9c55b9,amn_b62ec86d,1,,2026-08-18T10:00:00+05:30
ham_e2d4445f,htl_6f9c55b9,amn_81dbdc6e,0,,2026-08-18T10:00:00+05:30
ham_bd1fa57c,htl_6f9c55b9,amn_e0ec6ba9,1,,2026-08-18T10:00:00+05:30
ham_9f7367c3,htl_6f9c55b9,amn_866070f8,1,Subject to availability,2026-08-18T10:00:00+05:30
ham_fbb913de,htl_6f9c55b9,amn_f1c70f04,1,,2026-08-18T10:00:00+05:30
ham_3ef500ae,htl_6f9c55b9,amn_e3103f6e,1,,2026-08-18T10:00:00+05:30
ham_7addab21,htl_e7f80c48,amn_df266b70,1,,2026-08-18T10:00:00+05:30
ham_f355cfeb,htl_e7f80c48,amn_088a3bd3,1,Subject to availability,2026-08-18T10:00:00+05:30
ham_e1668330,htl_e7f80c48,amn_ddb15d0d,1,,2026-08-18T10:00:00+05:30
ham_fe3f688a,htl_e7f80c48,amn_5738f1cd,1,Subject to availability,2026-08-18T10:00:00+05:30
ham_9320aeab,htl_e7f80c48,amn_86167843,1,,2026-08-18T10:00:00+05:30
ham_ddf7fa6e,htl_e7f80c48,amn_4690aa77,1,,2026-08-18T10:00:00+05:30
ham_8e7ecc83,htl_e7f80c48,amn_7f076f1d,1,,2026-08-18T10:00:00+05:30
ham_4db87b7e,htl_e7f80c48,amn_989b97b0,0,,2026-08-18T10:00:00+05:30
ham_37b5e525,htl_a7836911,amn_088a3bd3,0,,2026-08-18T10:00:00+05:30
ham_ca23c141,htl_a7836911,amn_f133f52a,1,,2026-08-18T10:00:00+05:30
ham_61048b2d,htl_a7836911,amn_f74ad76b,0,,2026-08-18T10:00:00+05:30
ham_96ba6b7f,htl_a7836911,amn_b62ec86d,1,,2026-08-18T10:00:00+05:30
ham_9b626ad8,htl_a7836911,amn_989b97b0,1,,2026-08-18T10:00:00+05:30
ham_df5e3608,htl_a7836911,amn_e50effef,1,,2026-08-18T10:00:00+05:30
ham_ccfc5aad,htl_a7836911,amn_04903ad0,1,,2026-08-18T10:00:00+05:30
ham_6dfda4e9,htl_a7836911,amn_e3103f6e,0,,2026-08-18T10:00:00+05:30
ham_27ceee00,htl_c649fa89,amn_fdb40b8d,0,Subject to availability,2026-08-18T10:00:00+05:30
ham_317b096d,htl_c649fa89,amn_3167d8f9,1,Subject to availability,2026-08-18T10:00:00+05:30
ham_cbf30780,htl_c649fa89,amn_e50effef,1,,2026-08-18T10:00:00+05:30
ham_82f7bf2c,htl_c649fa89,amn_9d419789,1,,2026-08-18T10:00:00+05:30
ham_563ca126,htl_c649fa89,amn_48f09670,1,,2026-08-18T10:00:00+05:30
ham_a7ca8d2c,htl_c649fa89,amn_c5da0dfc,1,,2026-08-18T10:00:00+05:30
ham_561a384d,htl_c649fa89,amn_aa21d3e3,1,,2026-08-18T10:00:00+05:30
ham_4daf7447,htl_c649fa89,amn_f1c70f04,1,,2026-08-18T10:00:00+05:30
ham_1932f407,htl_62ba5d99,amn_48f09670,1,,2026-08-18T10:00:00+05:30
ham_5fe9ad1c,htl_62ba5d99,amn_c5da0dfc,1,Subject to availability,2026-08-18T10:00:00+05:30
ham_c159ce26,htl_62ba5d99,amn_702292f3,0,,2026-08-18T10:00:00+05:30
ham_328a63db,htl_62ba5d99,amn_f74ad76b,0,,2026-08-18T10:00:00+05:30
ham_3085c05d,htl_62ba5d99,amn_aa21d3e3,1,,2026-08-18T10:00:00+05:30
ham_07d1b38e,htl_62ba5d99,amn_a01818bd,1,Subject to availability,2026-08-18T10:00:00+05:30
ham_43713ce0,htl_62ba5d99,amn_866070f8,1,,2026-08-18T10:00:00+05:30
ham_7868e07d,htl_62ba5d99,amn_81dbdc6e,1,,2026-08-18T10:00:00+05:30
ham_8230a28c,htl_a131f5ce,amn_864b82ad,1,,2026-08-18T10:00:00+05:30
ham_e2119868,htl_a131f5ce,amn_9d419789,1,,2026-08-18T10:00:00+05:30
ham_e7742b96,htl_a131f5ce,amn_866070f8,1,,2026-08-18T10:00:00+05:30
ham_c91efc58,htl_a131f5ce,amn_509e6855,1,,2026-08-18T10:00:00+05:30
ham_1dbc50ee,htl_a131f5ce,amn_10f24325,0,,2026-08-18T10:00:00+05:30
ham_17ea2516,htl_a131f5ce,amn_7b2de8e7,1,,2026-08-18T10:00:00+05:30
ham_725d10a5,htl_a131f5ce,amn_b586f4b6,1,,2026-08-18T10:00:00+05:30
ham_aca1c7a9,htl_a131f5ce,amn_d90e6bd1,1,,2026-08-18T10:00:00+05:30
ham_ccced08f,htl_5f017daa,amn_81dbdc6e,0,,2026-08-18T10:00:00+05:30
ham_f50a126b,htl_5f017daa,amn_04903ad0,1,,2026-08-18T10:00:00+05:30
ham_acc091f1,htl_5f017daa,amn_6e3791c8,1,,2026-08-18T10:00:00+05:30
ham_50fde16f,htl_5f017daa,amn_aab90d56,1,,2026-08-18T10:00:00+05:30
ham_04a5ecee,htl_5f017daa,amn_f133f52a,1,,2026-08-18T10:00:00+05:30
ham_b0cc1f0d,htl_5f017daa,amn_23d9dfe3,1,,2026-08-18T10:00:00+05:30
ham_a33ad87f,htl_5f017daa,amn_c5da0dfc,1,,2026-08-18T10:00:00+05:30
ham_105ffeab,htl_5f017daa,amn_83f80abf,1,,2026-08-18T10:00:00+05:30
ham_9fae3e93,htl_b58f3951,amn_f133f52a,1,,2026-08-18T10:00:00+05:30
ham_4fde0cd4,htl_b58f3951,amn_655d5165,1,,2026-08-18T10:00:00+05:30
ham_983c3ad3,htl_b58f3951,amn_ddb15d0d,0,,2026-08-18T10:00:00+05:30
ham_07c5de2a,htl_b58f3951,amn_cad0c333,0,,2026-08-18T10:00:00+05:30
ham_a48ce5da,htl_b58f3951,amn_10f24325,1,,2026-08-18T10:00:00+05:30
ham_9a7ccfb0,htl_b58f3951,amn_989b97b0,1,,2026-08-18T10:00:00+05:30
ham_9cb6c324,htl_b58f3951,amn_83f80abf,1,,2026-08-18T10:00:00+05:30
ham_d200f0b9,htl_b58f3951,amn_f1c70f04,1,,2026-08-18T10:00:00+05:30
ham_10fe69e6,htl_f415989a,amn_6b2c91c4,0,,2026-08-18T10:00:00+05:30
ham_809c28f5,htl_f415989a,amn_655d5165,1,,2026-08-18T10:00:00+05:30
ham_1c332774,htl_f415989a,amn_fdb40b8d,0,,2026-08-18T10:00:00+05:30
ham_d7561374,htl_f415989a,amn_cad0c333,1,,2026-08-18T10:00:00+05:30
ham_9c8bae15,htl_f415989a,amn_7d92c0fa,0,,2026-08-18T10:00:00+05:30
ham_258a55e2,htl_f415989a,amn_b62ec86d,1,,2026-08-18T10:00:00+05:30
ham_de3b143c,htl_f415989a,amn_53871212,1,,2026-08-18T10:00:00+05:30
ham_89ab2246,htl_f415989a,amn_5fb5d136,1,Subject to availability,2026-08-18T10:00:00+05:30
ham_cac8e0c1,htl_d1b123ad,amn_6b2c91c4,1,Subject to availability,2026-08-18T10:00:00+05:30
ham_53304127,htl_d1b123ad,amn_aa21d3e3,1,,2026-08-18T10:00:00+05:30
ham_82ccd38b,htl_d1b123ad,amn_7f076f1d,1,Subject to availability,2026-08-18T10:00:00+05:30
ham_5740e144,htl_d1b123ad,amn_12210383,0,,2026-08-18T10:00:00+05:30
ham_9650514b,htl_d1b123ad,amn_cad0c333,1,,2026-08-18T10:00:00+05:30
ham_96c6b48e,htl_d1b123ad,amn_fdb40b8d,1,,2026-08-18T10:00:00+05:30
ham_6b95c087,htl_d1b123ad,amn_855119e6,0,Subject to availability,2026-08-18T10:00:00+05:30
ham_05236b37,htl_d1b123ad,amn_d90e6bd1,0,,2026-08-18T10:00:00+05:30
ham_981059b8,htl_0c108c67,amn_3b3cfd8b,1,,2026-08-18T10:00:00+05:30
ham_b33a8e82,htl_0c108c67,amn_ddb15d0d,1,,2026-08-18T10:00:00+05:30
ham_0c62bd63,htl_0c108c67,amn_5738f1cd,1,,2026-08-18T10:00:00+05:30
ham_4eac6541,htl_0c108c67,amn_c9036e44,1,,2026-08-18T10:00:00+05:30
ham_fac17c6a,htl_0c108c67,amn_cad0c333,1,,2026-08-18T10:00:00+05:30
ham_0d4b2bf5,htl_0c108c67,amn_855119e6,1,,2026-08-18T10:00:00+05:30
ham_cc7dc589,htl_0c108c67,amn_b586f4b6,1,,2026-08-18T10:00:00+05:30
ham_72fffacb,htl_0c108c67,amn_fdb40b8d,1,,2026-08-18T10:00:00+05:30
ham_a5624806,htl_3e63856a,amn_b586f4b6,1,,2026-08-18T10:00:00+05:30
ham_7c16ebe9,htl_3e63856a,amn_c5da0dfc,1,,2026-08-18T10:00:00+05:30
ham_ce1ab1c5,htl_3e63856a,amn_f1c70f04,1,,2026-08-18T10:00:00+05:30
ham_ed09e081,htl_3e63856a,amn_f74ad76b,0,,2026-08-18T10:00:00+05:30
ham_2d13740e,htl_3e63856a,amn_989b97b0,1,,2026-08-18T10:00:00+05:30
ham_416aafe8,htl_3e63856a,amn_48f09670,1,,2026-08-18T10:00:00+05:30
ham_bad8adc2,htl_3e63856a,amn_5738f1cd,1,,2026-08-18T10:00:00+05:30
ham_02e42901,htl_3e63856a,amn_e3103f6e,1,,2026-08-18T10:00:00+05:30
ham_39f1b94f,htl_b1b494c7,amn_e3103f6e,1,,2026-08-18T10:00:00+05:30
ham_27766af4,htl_b1b494c7,amn_9d419789,1,,2026-08-18T10:00:00+05:30
ham_1d858ac8,htl_b1b494c7,amn_e50effef,0,,2026-08-18T10:00:00+05:30
ham_d12d534d,htl_b1b494c7,amn_aa21d3e3,0,,2026-08-18T10:00:00+05:30
ham_b19b1230,htl_b1b494c7,amn_864b82ad,1,,2026-08-18T10:00:00+05:30
ham_bf49c2d2,htl_b1b494c7,amn_7d92c0fa,1,,2026-08-18T10:00:00+05:30
ham_65adafac,htl_b1b494c7,amn_aab90d56,0,,2026-08-18T10:00:00+05:30
ham_535f13ec,htl_b1b494c7,amn_e53b2ad3,1,,2026-08-18T10:00:00+05:30
ham_5b7c2114,htl_c134b947,amn_6e3791c8,1,,2026-08-18T10:00:00+05:30
ham_304ad704,htl_c134b947,amn_088a3bd3,1,Subject to availability,2026-08-18T10:00:00+05:30
ham_09f698aa,htl_c134b947,amn_a9c2e7f7,1,,2026-08-18T10:00:00+05:30
ham_d74e1433,htl_c134b947,amn_f133f52a,1,,2026-08-18T10:00:00+05:30
ham_ebc5afe8,htl_c134b947,amn_f74ad76b,0,,2026-08-18T10:00:00+05:30
ham_a8434273,htl_c134b947,amn_866070f8,1,,2026-08-18T10:00:00+05:30
ham_379f57cc,htl_c134b947,amn_95603f62,1,,2026-08-18T10:00:00+05:30
ham_5ed0d5f9,htl_c134b947,amn_b62ec86d,1,,2026-08-18T10:00:00+05:30
ham_0fbd966d,htl_040c557e,amn_b62ec86d,1,,2026-08-18T10:00:00+05:30
ham_b76ee457,htl_040c557e,amn_e3103f6e,1,Subject to availability,2026-08-18T10:00:00+05:30
ham_e69dfdc8,htl_040c557e,amn_d90e6bd1,0,,2026-08-18T10:00:00+05:30
ham_19f1c5b3,htl_040c557e,amn_d096bc01,1,,2026-08-18T10:00:00+05:30
ham_508e0048,htl_040c557e,amn_4690aa77,1,,2026-08-18T10:00:00+05:30
ham_3e65b590,htl_040c557e,amn_95603f62,1,,2026-08-18T10:00:00+05:30
ham_ec6b5df9,htl_040c557e,amn_0aa5eef9,1,,2026-08-18T10:00:00+05:30
ham_370a71aa,htl_040c557e,amn_5738f1cd,1,,2026-08-18T10:00:00+05:30
ham_8e29d7d7,htl_8179b205,amn_c5da0dfc,1,,2026-08-18T10:00:00+05:30
ham_9236bdf0,htl_8179b205,amn_b586f4b6,1,Subject to availability,2026-08-18T10:00:00+05:30
ham_60140e98,htl_8179b205,amn_83f80abf,1,,2026-08-18T10:00:00+05:30
ham_47c3689a,htl_8179b205,amn_95603f62,1,,2026-08-18T10:00:00+05:30
ham_072cec61,htl_8179b205,amn_a01818bd,1,,2026-08-18T10:00:00+05:30
ham_88cd136c,htl_8179b205,amn_0aa5eef9,1,,2026-08-18T10:00:00+05:30
ham_18e7ef9e,htl_8179b205,amn_f1c70f04,1,,2026-08-18T10:00:00+05:30
ham_3f4257a9,htl_8179b205,amn_509e6855,1,,2026-08-18T10:00:00+05:30
ham_bacd8ab4,htl_9b015642,amn_10f24325,1,,2026-08-18T10:00:00+05:30
ham_3dfce7ad,htl_9b015642,amn_35fe073c,0,,2026-08-18T10:00:00+05:30
ham_a32f6783,htl_9b015642,amn_7b2de8e7,1,,2026-08-18T10:00:00+05:30
ham_40c27b7d,htl_9b015642,amn_cad0c333,1,,2026-08-18T10:00:00+05:30
ham_d65cb39a,htl_9b015642,amn_989b97b0,0,,2026-08-18T10:00:00+05:30
ham_d0d9f3e1,htl_9b015642,amn_c5da0dfc,1,,2026-08-18T10:00:00+05:30
ham_726321a3,htl_9b015642,amn_6e3791c8,1,,2026-08-18T10:00:00+05:30
ham_c711cfe6,htl_9b015642,amn_e53b2ad3,1,,2026-08-18T10:00:00+05:30
ham_9f8e38cc,htl_e13e7c6e,amn_83f80abf,1,,2026-08-18T10:00:00+05:30
ham_56d237e7,htl_e13e7c6e,amn_d90e6bd1,1,Subject to availability,2026-08-18T10:00:00+05:30
ham_019070ce,htl_e13e7c6e,amn_7f076f1d,1,,2026-08-18T10:00:00+05:30
ham_b6bd6097,htl_e13e7c6e,amn_cad0c333,0,,2026-08-18T10:00:00+05:30
ham_d16eb286,htl_e13e7c6e,amn_d096bc01,0,,2026-08-18T10:00:00+05:30
ham_e2cc6252,htl_e13e7c6e,amn_3b3cfd8b,0,Subject to availability,2026-08-18T10:00:00+05:30
ham_def87dfd,htl_e13e7c6e,amn_ddb15d0d,1,,2026-08-18T10:00:00+05:30
ham_25bac7cd,htl_e13e7c6e,amn_aa21d3e3,0,,2026-08-18T10:00:00+05:30
ham_be1a84ee,htl_b93e42eb,amn_e3103f6e,0,Subject to availability,2026-08-18T10:00:00+05:30
ham_9a516151,htl_b93e42eb,amn_aa21d3e3,1,Subject to availability,2026-08-18T10:00:00+05:30
ham_4323f473,htl_b93e42eb,amn_23d9dfe3,1,,2026-08-18T10:00:00+05:30
ham_2ac1453d,htl_b93e42eb,amn_5738f1cd,1,,2026-08-18T10:00:00+05:30
ham_8b2cd63c,htl_b93e42eb,amn_864b82ad,1,,2026-08-18T10:00:00+05:30
ham_057fc0bc,htl_b93e42eb,amn_7b2de8e7,1,Subject to availability,2026-08-18T10:00:00+05:30
ham_1e7226c6,htl_b93e42eb,amn_fdb40b8d,1,,2026-08-18T10:00:00+05:30
ham_a65ab5a4,htl_b93e42eb,amn_d90e6bd1,1,,2026-08-18T10:00:00+05:30
ham_7eb718dc,htl_9643ee61,amn_0aa5eef9,1,,2026-08-18T10:00:00+05:30
ham_d82884e8,htl_9643ee61,amn_c9036e44,1,,2026-08-18T10:00:00+05:30
ham_ff00a490,htl_9643ee61,amn_1c1f3c38,1,,2026-08-18T10:00:00+05:30
ham_1689e1d3,htl_9643ee61,amn_df266b70,1,,2026-08-18T10:00:00+05:30
ham_6594b75d,htl_9643ee61,amn_3167d8f9,1,,2026-08-18T10:00:00+05:30
ham_997fa927,htl_9643ee61,amn_702292f3,0,,2026-08-18T10:00:00+05:30
ham_98719797,htl_9643ee61,amn_ddb15d0d,0,Subject to availability,2026-08-18T10:00:00+05:30
ham_94c4d1a1,htl_9643ee61,amn_d096bc01,1,Subject to availability,2026-08-18T10:00:00+05:30
ham_c67a30a0,htl_c9bc505f,amn_a9c2e7f7,0,,2026-08-18T10:00:00+05:30
ham_8dd659f8,htl_c9bc505f,amn_6b7b205c,1,Subject to availability,2026-08-18T10:00:00+05:30
ham_53413fe3,htl_c9bc505f,amn_53871212,1,Subject to availability,2026-08-18T10:00:00+05:30
ham_f4192259,htl_c9bc505f,amn_9d419789,0,,2026-08-18T10:00:00+05:30
ham_e3abc64e,htl_c9bc505f,amn_e53b2ad3,1,,2026-08-18T10:00:00+05:30
ham_ed60a40a,htl_c9bc505f,amn_864b82ad,0,,2026-08-18T10:00:00+05:30
ham_2d34b7e9,htl_c9bc505f,amn_04903ad0,0,,2026-08-18T10:00:00+05:30
ham_ffa852d9,htl_c9bc505f,amn_c9036e44,1,,2026-08-18T10:00:00+05:30
ham_19cd1b4b,htl_7aa20f17,amn_5fb5d136,1,Subject to availability,2026-08-18T10:00:00+05:30
ham_d7975d33,htl_7aa20f17,amn_0aa5eef9,1,,2026-08-18T10:00:00+05:30
ham_5bf98d69,htl_7aa20f17,amn_fa6b283e,1,,2026-08-18T10:00:00+05:30
ham_ba468e16,htl_7aa20f17,amn_81dbdc6e,1,,2026-08-18T10:00:00+05:30
ham_3bb361f7,htl_7aa20f17,amn_d566dd5c,1,,2026-08-18T10:00:00+05:30
ham_288760be,htl_7aa20f17,amn_c9036e44,1,,2026-08-18T10:00:00+05:30
ham_97d23fcb,htl_7aa20f17,amn_fdb40b8d,1,Subject to availability,2026-08-18T10:00:00+05:30
ham_57f9c299,htl_7aa20f17,amn_04903ad0,1,Subject to availability,2026-08-18T10:00:00+05:30
ham_5bf739c6,htl_ec9ef535,amn_95603f62,0,,2026-08-18T10:00:00+05:30
ham_12286561,htl_ec9ef535,amn_855119e6,1,,2026-08-18T10:00:00+05:30
ham_075e1fa8,htl_ec9ef535,amn_c9036e44,1,,2026-08-18T10:00:00+05:30
ham_c61c9eec,htl_ec9ef535,amn_e0ec6ba9,0,,2026-08-18T10:00:00+05:30
ham_a1baaaaf,htl_ec9ef535,amn_35fe073c,1,,2026-08-18T10:00:00+05:30
ham_b5e2a196,htl_ec9ef535,amn_9d419789,1,,2026-08-18T10:00:00+05:30
ham_75846bbd,htl_ec9ef535,amn_7d92c0fa,1,,2026-08-18T10:00:00+05:30
ham_0f249af0,htl_ec9ef535,amn_088a3bd3,1,,2026-08-18T10:00:00+05:30
ham_66921ad8,htl_bc107f55,amn_6b3dbdd5,0,,2026-08-18T10:00:00+05:30
ham_3a9425f4,htl_bc107f55,amn_83f80abf,1,,2026-08-18T10:00:00+05:30
ham_696ec9e0,htl_bc107f55,amn_9d419789,1,,2026-08-18T10:00:00+05:30
ham_c271c50a,htl_bc107f55,amn_fdb40b8d,1,,2026-08-18T10:00:00+05:30
ham_9720691e,htl_bc107f55,amn_f74ad76b,1,,2026-08-18T10:00:00+05:30
ham_54e89e11,htl_bc107f55,amn_6e3791c8,1,,2026-08-18T10:00:00+05:30
ham_848ac22e,htl_bc107f55,amn_509e6855,0,,2026-08-18T10:00:00+05:30
ham_501d1f36,htl_bc107f55,amn_e50effef,1,,2026-08-18T10:00:00+05:30
ham_779785f7,htl_7bdd1aff,amn_702292f3,0,,2026-08-18T10:00:00+05:30
ham_4150b46c,htl_7bdd1aff,amn_a01818bd,1,,2026-08-18T10:00:00+05:30
ham_58b715a3,htl_7bdd1aff,amn_df266b70,1,,2026-08-18T10:00:00+05:30
ham_d839acb6,htl_7bdd1aff,amn_7f076f1d,1,,2026-08-18T10:00:00+05:30
ham_cff21690,htl_7bdd1aff,amn_95603f62,1,,2026-08-18T10:00:00+05:30
ham_e64529e6,htl_7bdd1aff,amn_a9c2e7f7,1,Subject to availability,2026-08-18T10:00:00+05:30
ham_28df6fa9,htl_7bdd1aff,amn_6b3dbdd5,0,,2026-08-18T10:00:00+05:30
ham_fbc1f5d1,htl_7bdd1aff,amn_655d5165,1,,2026-08-18T10:00:00+05:30
ham_3c74e81f,htl_e3c2d87b,amn_53871212,1,,2026-08-18T10:00:00+05:30
ham_acfa7c93,htl_e3c2d87b,amn_12210383,1,,2026-08-18T10:00:00+05:30
ham_c28f3c11,htl_e3c2d87b,amn_5fb5d136,1,,2026-08-18T10:00:00+05:30
ham_61ed8e72,htl_e3c2d87b,amn_1c1f3c38,1,,2026-08-18T10:00:00+05:30
ham_60936eca,htl_e3c2d87b,amn_9d419789,1,,2026-08-18T10:00:00+05:30
ham_8cbfae1f,htl_e3c2d87b,amn_097715f3,1,,2026-08-18T10:00:00+05:30
ham_9ec2bdd2,htl_e3c2d87b,amn_509e6855,0,,2026-08-18T10:00:00+05:30
ham_4d1db4f2,htl_e3c2d87b,amn_81dbdc6e,1,,2026-08-18T10:00:00+05:30
ham_5b480654,htl_bf678135,amn_aab90d56,0,,2026-08-18T10:00:00+05:30
ham_9380b7bd,htl_bf678135,amn_c9036e44,1,,2026-08-18T10:00:00+05:30
ham_a4739180,htl_bf678135,amn_a01818bd,1,,2026-08-18T10:00:00+05:30
ham_2fe55788,htl_bf678135,amn_3167d8f9,0,,2026-08-18T10:00:00+05:30
ham_7ba5ed92,htl_bf678135,amn_864b82ad,1,,2026-08-18T10:00:00+05:30
ham_e1df0139,htl_bf678135,amn_ddb15d0d,0,,2026-08-18T10:00:00+05:30
ham_b2647f0a,htl_bf678135,amn_655d5165,1,,2026-08-18T10:00:00+05:30
ham_e7d16918,htl_bf678135,amn_509e6855,0,Subject to availability,2026-08-18T10:00:00+05:30
ham_12f70ab9,htl_13418139,amn_f1c70f04,0,,2026-08-18T10:00:00+05:30
ham_fd871f89,htl_13418139,amn_4690aa77,1,,2026-08-18T10:00:00+05:30
ham_edf29125,htl_13418139,amn_a9c2e7f7,1,,2026-08-18T10:00:00+05:30
ham_cd8d2ce1,htl_13418139,amn_12210383,1,,2026-08-18T10:00:00+05:30
ham_45477efa,htl_13418139,amn_c9036e44,1,Subject to availability,2026-08-18T10:00:00+05:30
ham_9707a999,htl_13418139,amn_10f24325,1,,2026-08-18T10:00:00+05:30
ham_563a674c,htl_13418139,amn_fa6b283e,1,,2026-08-18T10:00:00+05:30
ham_6c37bb99,htl_13418139,amn_8085a200,1,,2026-08-18T10:00:00+05:30
ham_474e16f7,htl_5a20d360,amn_e0ec6ba9,1,,2026-08-18T10:00:00+05:30
ham_e6531a07,htl_5a20d360,amn_ddb15d0d,0,,2026-08-18T10:00:00+05:30
ham_870b8e25,htl_5a20d360,amn_3b3cfd8b,0,,2026-08-18T10:00:00+05:30
ham_f8ea4236,htl_5a20d360,amn_0aa5eef9,1,,2026-08-18T10:00:00+05:30
ham_4de644b0,htl_5a20d360,amn_655d5165,0,,2026-08-18T10:00:00+05:30
ham_c324c4f8,htl_5a20d360,amn_6b2c91c4,1,,2026-08-18T10:00:00+05:30
ham_77326ed9,htl_5a20d360,amn_e3103f6e,0,Subject to availability,2026-08-18T10:00:00+05:30
ham_881817f7,htl_5a20d360,amn_7b2de8e7,1,,2026-08-18T10:00:00+05:30
ham_33ab16c3,htl_b9dc154f,amn_088a3bd3,1,Subject to availability,2026-08-18T10:00:00+05:30
ham_06a7dfdc,htl_b9dc154f,amn_10f24325,1,,2026-08-18T10:00:00+05:30
ham_68881ba4,htl_b9dc154f,amn_3167d8f9,0,,2026-08-18T10:00:00+05:30
ham_45ac88d9,htl_b9dc154f,amn_48f09670,1,,2026-08-18T10:00:00+05:30
ham_962b31a5,htl_b9dc154f,amn_8085a200,0,Subject to availability,2026-08-18T10:00:00+05:30
ham_21fb41bc,htl_b9dc154f,amn_5738f1cd,1,,2026-08-18T10:00:00+05:30
ham_7267f5cd,htl_b9dc154f,amn_702292f3,0,,2026-08-18T10:00:00+05:30
ham_b771c43e,htl_b9dc154f,amn_864b82ad,1,,2026-08-18T10:00:00+05:30
ham_830ea8d3,htl_7bb07d85,amn_35fe073c,1,,2026-08-18T10:00:00+05:30
ham_80897521,htl_7bb07d85,amn_81dbdc6e,1,,2026-08-18T10:00:00+05:30
ham_faaffa5e,htl_7bb07d85,amn_d566dd5c,0,,2026-08-18T10:00:00+05:30
ham_261fdfc9,htl_7bb07d85,amn_8085a200,0,,2026-08-18T10:00:00+05:30
ham_4457dee9,htl_7bb07d85,amn_702292f3,1,,2026-08-18T10:00:00+05:30
ham_a02425af,htl_7bb07d85,amn_3167d8f9,1,Subject to availability,2026-08-18T10:00:00+05:30
ham_3d39108d,htl_7bb07d85,amn_7d92c0fa,1,Subject to availability,2026-08-18T10:00:00+05:30
ham_0d308b30,htl_7bb07d85,amn_53871212,1,,2026-08-18T10:00:00+05:30
ham_0ab9efa3,htl_718f3718,amn_e53b2ad3,1,,2026-08-18T10:00:00+05:30
ham_854e23db,htl_718f3718,amn_3167d8f9,0,,2026-08-18T10:00:00+05:30
ham_d35d2e3b,htl_718f3718,amn_855119e6,0,Subject to availability,2026-08-18T10:00:00+05:30
ham_3b7cab7e,htl_718f3718,amn_e0ec6ba9,1,,2026-08-18T10:00:00+05:30
ham_e0da4b62,htl_718f3718,amn_3b3cfd8b,1,Subject to availability,2026-08-18T10:00:00+05:30
ham_1da8c83e,htl_718f3718,amn_12210383,1,,2026-08-18T10:00:00+05:30
ham_82493b33,htl_718f3718,amn_e3103f6e,0,Subject to availability,2026-08-18T10:00:00+05:30
ham_3556ad8f,htl_718f3718,amn_83f80abf,1,,2026-08-18T10:00:00+05:30
ham_46b77e4a,htl_4aef7a7a,amn_5fb5d136,1,,2026-08-18T10:00:00+05:30
ham_43dfc6a7,htl_4aef7a7a,amn_df266b70,1,,2026-08-18T10:00:00+05:30
ham_1d839004,htl_4aef7a7a,amn_f1c70f04,1,,2026-08-18T10:00:00+05:30
ham_2b26ab0e,htl_4aef7a7a,amn_7b2de8e7,1,,2026-08-18T10:00:00+05:30
ham_92e01477,htl_4aef7a7a,amn_a01818bd,0,Subject to availability,2026-08-18T10:00:00+05:30
ham_09315ef3,htl_4aef7a7a,amn_f74ad76b,1,,2026-08-18T10:00:00+05:30
ham_98b6a300,htl_4aef7a7a,amn_e53b2ad3,1,,2026-08-18T10:00:00+05:30
ham_00e6a9bc,htl_4aef7a7a,amn_48f09670,0,Subject to availability,2026-08-18T10:00:00+05:30
ham_7f77ea82,htl_101afcbe,amn_e3103f6e,1,,2026-08-18T10:00:00+05:30
ham_734fb74c,htl_101afcbe,amn_81dbdc6e,1,,2026-08-18T10:00:00+05:30
ham_18a7e9b3,htl_101afcbe,amn_35fe073c,1,,2026-08-18T10:00:00+05:30
ham_371d7bb0,htl_101afcbe,amn_6b7b205c,1,Subject to availability,2026-08-18T10:00:00+05:30
ham_efb89232,htl_101afcbe,amn_4690aa77,1,,2026-08-18T10:00:00+05:30
ham_8d1ae769,htl_101afcbe,amn_1c1f3c38,1,,2026-08-18T10:00:00+05:30
ham_20eec5a3,htl_101afcbe,amn_6e3791c8,1,,2026-08-18T10:00:00+05:30
ham_75075c14,htl_101afcbe,amn_6b3dbdd5,1,,2026-08-18T10:00:00+05:30
ham_f6bd448b,htl_ddccdc31,amn_655d5165,1,Subject to availability,2026-08-18T10:00:00+05:30
ham_cd397a93,htl_ddccdc31,amn_d566dd5c,1,,2026-08-18T10:00:00+05:30
ham_273cc094,htl_ddccdc31,amn_aab90d56,0,,2026-08-18T10:00:00+05:30
ham_373b862a,htl_ddccdc31,amn_e50effef,1,,2026-08-18T10:00:00+05:30
ham_f31709cb,htl_ddccdc31,amn_6b3dbdd5,1,,2026-08-18T10:00:00+05:30
ham_33bedcc3,htl_ddccdc31,amn_df266b70,0,,2026-08-18T10:00:00+05:30
ham_d668d3f6,htl_ddccdc31,amn_e0ec6ba9,0,,2026-08-18T10:00:00+05:30
ham_6a588a00,htl_ddccdc31,amn_86167843,1,,2026-08-18T10:00:00+05:30
ham_87093300,htl_960025d2,amn_81dbdc6e,1,,2026-08-18T10:00:00+05:30
ham_2404e6d1,htl_960025d2,amn_4690aa77,1,,2026-08-18T10:00:00+05:30
ham_200bfbb1,htl_960025d2,amn_04903ad0,1,,2026-08-18T10:00:00+05:30
ham_6b56eb0d,htl_960025d2,amn_f133f52a,0,Subject to availability,2026-08-18T10:00:00+05:30
ham_bb03adf0,htl_960025d2,amn_35fe073c,0,,2026-08-18T10:00:00+05:30
ham_fc2ea49c,htl_960025d2,amn_d566dd5c,1,,2026-08-18T10:00:00+05:30
ham_b4392b53,htl_960025d2,amn_8085a200,1,,2026-08-18T10:00:00+05:30
ham_ebce07e5,htl_960025d2,amn_d096bc01,0,,2026-08-18T10:00:00+05:30
ham_80931b26,htl_c8a743dd,amn_83f80abf,1,,2026-08-18T10:00:00+05:30
ham_5903cc9b,htl_c8a743dd,amn_a01818bd,1,,2026-08-18T10:00:00+05:30
ham_0be98de5,htl_c8a743dd,amn_6e3791c8,1,,2026-08-18T10:00:00+05:30
ham_da552a26,htl_c8a743dd,amn_6b7b205c,0,,2026-08-18T10:00:00+05:30
ham_84f2731c,htl_c8a743dd,amn_702292f3,1,Subject to availability,2026-08-18T10:00:00+05:30
ham_b79964c8,htl_c8a743dd,amn_d566dd5c,1,,2026-08-18T10:00:00+05:30
ham_6fe72476,htl_c8a743dd,amn_f74ad76b,1,,2026-08-18T10:00:00+05:30
ham_92a2c485,htl_c8a743dd,amn_53871212,1,,2026-08-18T10:00:00+05:30
ham_b6c3fab8,htl_cebc7d14,amn_fa6b283e,0,Subject to availability,2026-08-18T10:00:00+05:30
ham_4f627ed4,htl_cebc7d14,amn_f133f52a,1,,2026-08-18T10:00:00+05:30
ham_a2ccdc9d,htl_cebc7d14,amn_864b82ad,0,,2026-08-18T10:00:00+05:30
ham_414c2727,htl_cebc7d14,amn_5f419901,0,,2026-08-18T10:00:00+05:30
ham_f732fc1f,htl_cebc7d14,amn_b62ec86d,0,,2026-08-18T10:00:00+05:30
ham_ddfb9a4d,htl_cebc7d14,amn_e3103f6e,0,,2026-08-18T10:00:00+05:30
ham_4598c41e,htl_cebc7d14,amn_fdb40b8d,1,,2026-08-18T10:00:00+05:30
ham_5f3684ba,htl_cebc7d14,amn_f74ad76b,0,,2026-08-18T10:00:00+05:30
ham_16444b60,htl_0271c63d,amn_e50effef,1,,2026-08-18T10:00:00+05:30
ham_e4dc7ddb,htl_0271c63d,amn_d096bc01,1,,2026-08-18T10:00:00+05:30
ham_45037ee5,htl_0271c63d,amn_6e3791c8,0,,2026-08-18T10:00:00+05:30
ham_e6ef1d4a,htl_0271c63d,amn_7b2de8e7,1,,2026-08-18T10:00:00+05:30
ham_cd571ceb,htl_0271c63d,amn_a01818bd,1,,2026-08-18T10:00:00+05:30
ham_37b4cafc,htl_0271c63d,amn_12210383,1,,2026-08-18T10:00:00+05:30
ham_59eab648,htl_0271c63d,amn_48f09670,0,,2026-08-18T10:00:00+05:30
ham_0c9e2c61,htl_0271c63d,amn_088a3bd3,1,,2026-08-18T10:00:00+05:30
ham_b1d57e30,htl_90bb6e48,amn_c5da0dfc,0,Subject to availability,2026-08-18T10:00:00+05:30
ham_898c7d7a,htl_90bb6e48,amn_989b97b0,1,,2026-08-18T10:00:00+05:30
ham_a44a05ac,htl_90bb6e48,amn_95603f62,1,,2026-08-18T10:00:00+05:30
ham_6d6d0e82,htl_90bb6e48,amn_3b3cfd8b,1,,2026-08-18T10:00:00+05:30
ham_be75cbf7,htl_90bb6e48,amn_1c1f3c38,1,,2026-08-18T10:00:00+05:30
ham_697ee8e5,htl_90bb6e48,amn_6e3791c8,1,,2026-08-18T10:00:00+05:30
ham_495e10b8,htl_90bb6e48,amn_ddb15d0d,0,,2026-08-18T10:00:00+05:30
ham_ef72b0d2,htl_90bb6e48,amn_35fe073c,1,,2026-08-18T10:00:00+05:30
ham_40cab8c6,htl_871f7548,amn_d566dd5c,0,,2026-08-18T10:00:00+05:30
ham_fccac96e,htl_871f7548,amn_7f076f1d,0,,2026-08-18T10:00:00+05:30
ham_bd788128,htl_871f7548,amn_6b7b205c,1,,2026-08-18T10:00:00+05:30
ham_ec3aed5d,htl_871f7548,amn_4690aa77,0,,2026-08-18T10:00:00+05:30
ham_fb45a3a4,htl_871f7548,amn_864b82ad,0,Subject to availability,2026-08-18T10:00:00+05:30
ham_87fd9e16,htl_871f7548,amn_7b2de8e7,1,,2026-08-18T10:00:00+05:30
ham_31f54de3,htl_871f7548,amn_e0ec6ba9,1,Subject to availability,2026-08-18T10:00:00+05:30
ham_b0d3bd9a,htl_871f7548,amn_3167d8f9,1,,2026-08-18T10:00:00+05:30
ham_7d82c5e1,htl_fd99a5e3,amn_53871212,1,,2026-08-18T10:00:00+05:30
ham_d5cb1315,htl_fd99a5e3,amn_5738f1cd,0,,2026-08-18T10:00:00+05:30
ham_4115d58c,htl_fd99a5e3,amn_f74ad76b,0,,2026-08-18T10:00:00+05:30
ham_c729c93d,htl_fd99a5e3,amn_f133f52a,1,,2026-08-18T10:00:00+05:30
ham_1d458ee8,htl_fd99a5e3,amn_83f80abf,0,,2026-08-18T10:00:00+05:30
ham_731e8f31,htl_fd99a5e3,amn_f1c70f04,1,,2026-08-18T10:00:00+05:30
ham_008d4157,htl_fd99a5e3,amn_ddb15d0d,1,,2026-08-18T10:00:00+05:30
ham_05ed7094,htl_fd99a5e3,amn_3b3cfd8b,1,,2026-08-18T10:00:00+05:30
ham_b655baf9,htl_02220bb1,amn_3167d8f9,1,Subject to availability,2026-08-18T10:00:00+05:30
ham_a224ae18,htl_02220bb1,amn_4690aa77,1,,2026-08-18T10:00:00+05:30
ham_f1bd1fb5,htl_02220bb1,amn_48f09670,0,,2026-08-18T10:00:00+05:30
ham_de375683,htl_02220bb1,amn_5fb5d136,1,Subject to availability,2026-08-18T10:00:00+05:30
ham_65c66602,htl_02220bb1,amn_9d419789,1,,2026-08-18T10:00:00+05:30
ham_b842cc96,htl_02220bb1,amn_81dbdc6e,1,,2026-08-18T10:00:00+05:30
ham_83565b36,htl_02220bb1,amn_3b3cfd8b,1,,2026-08-18T10:00:00+05:30
ham_19325cd3,htl_02220bb1,amn_83f80abf,1,Subject to availability,2026-08-18T10:00:00+05:30
ham_7a38906d,htl_068a2e31,amn_9d419789,1,,2026-08-18T10:00:00+05:30
ham_13e3583e,htl_068a2e31,amn_e53b2ad3,1,,2026-08-18T10:00:00+05:30
ham_e754be3e,htl_068a2e31,amn_6e3791c8,0,,2026-08-18T10:00:00+05:30
ham_030fb2a6,htl_068a2e31,amn_04903ad0,1,,2026-08-18T10:00:00+05:30
ham_5a3c861c,htl_068a2e31,amn_f133f52a,1,,2026-08-18T10:00:00+05:30
ham_59efe840,htl_068a2e31,amn_fdb40b8d,0,,2026-08-18T10:00:00+05:30
ham_366974c0,htl_068a2e31,amn_23d9dfe3,0,Subject to availability,2026-08-18T10:00:00+05:30
ham_ff101445,htl_068a2e31,amn_6b3dbdd5,0,,2026-08-18T10:00:00+05:30
ham_420cf415,htl_8dd76814,amn_95603f62,1,,2026-08-18T10:00:00+05:30
ham_75795446,htl_8dd76814,amn_12210383,1,,2026-08-18T10:00:00+05:30
ham_d3a69c52,htl_8dd76814,amn_aa21d3e3,1,,2026-08-18T10:00:00+05:30
ham_06d8a519,htl_8dd76814,amn_c5da0dfc,1,,2026-08-18T10:00:00+05:30
ham_9a9b6173,htl_8dd76814,amn_655d5165,0,,2026-08-18T10:00:00+05:30
ham_37e144af,htl_8dd76814,amn_866070f8,1,,2026-08-18T10:00:00+05:30
ham_1dca698a,htl_8dd76814,amn_3b3cfd8b,1,,2026-08-18T10:00:00+05:30
ham_f8c6b240,htl_8dd76814,amn_6b3dbdd5,0,,2026-08-18T10:00:00+05:30
ham_25320a99,htl_ea1d6629,amn_04903ad0,1,,2026-08-18T10:00:00+05:30
ham_53ed31e5,htl_ea1d6629,amn_6b7b205c,1,,2026-08-18T10:00:00+05:30
ham_c84f3cfa,htl_ea1d6629,amn_088a3bd3,1,,2026-08-18T10:00:00+05:30
ham_2d5d7e02,htl_ea1d6629,amn_10f24325,0,,2026-08-18T10:00:00+05:30
ham_8fa39e14,htl_ea1d6629,amn_509e6855,1,Subject to availability,2026-08-18T10:00:00+05:30
ham_deddf545,htl_ea1d6629,amn_d90e6bd1,1,,2026-08-18T10:00:00+05:30
ham_836480ec,htl_ea1d6629,amn_95603f62,0,,2026-08-18T10:00:00+05:30
ham_47b8c843,htl_ea1d6629,amn_aab90d56,1,,2026-08-18T10:00:00+05:30
ham_6a4740cb,htl_8f2c9fd3,amn_866070f8,0,,2026-08-18T10:00:00+05:30
ham_6b95f38f,htl_8f2c9fd3,amn_aab90d56,1,,2026-08-18T10:00:00+05:30
ham_f7fadcc6,htl_8f2c9fd3,amn_81dbdc6e,1,,2026-08-18T10:00:00+05:30
ham_12a4b130,htl_8f2c9fd3,amn_86167843,1,,2026-08-18T10:00:00+05:30
ham_3c8fc7d4,htl_8f2c9fd3,amn_6e3791c8,1,,2026-08-18T10:00:00+05:30
ham_9a7f7399,htl_8f2c9fd3,amn_ddb15d0d,1,,2026-08-18T10:00:00+05:30
ham_575fa7f8,htl_8f2c9fd3,amn_3b3cfd8b,1,,2026-08-18T10:00:00+05:30
ham_2aab8f28,htl_8f2c9fd3,amn_e3103f6e,0,,2026-08-18T10:00:00+05:30
ham_3ee4a524,htl_25648fce,amn_b62ec86d,0,,2026-08-18T10:00:00+05:30
ham_d9548704,htl_25648fce,amn_a9c2e7f7,0,,2026-08-18T10:00:00+05:30
ham_1944c66d,htl_25648fce,amn_0aa5eef9,0,,2026-08-18T10:00:00+05:30
ham_5047889e,htl_25648fce,amn_9d419789,1,,2026-08-18T10:00:00+05:30
ham_3b6d74eb,htl_25648fce,amn_fdb40b8d,1,,2026-08-18T10:00:00+05:30
ham_a742ef12,htl_25648fce,amn_6b2c91c4,0,,2026-08-18T10:00:00+05:30
ham_8cfe43da,htl_25648fce,amn_7f076f1d,1,,2026-08-18T10:00:00+05:30
ham_73cf201b,htl_25648fce,amn_866070f8,1,,2026-08-18T10:00:00+05:30
ham_4398cefd,htl_2755e47d,amn_0aa5eef9,1,,2026-08-18T10:00:00+05:30
ham_c5c7d2aa,htl_2755e47d,amn_e50effef,1,,2026-08-18T10:00:00+05:30
ham_ff7d4798,htl_2755e47d,amn_3167d8f9,1,,2026-08-18T10:00:00+05:30
ham_e6b9f64a,htl_2755e47d,amn_864b82ad,0,Subject to availability,2026-08-18T10:00:00+05:30
ham_c7938edd,htl_2755e47d,amn_5738f1cd,1,,2026-08-18T10:00:00+05:30
ham_9761b085,htl_2755e47d,amn_e0ec6ba9,1,Subject to availability,2026-08-18T10:00:00+05:30
ham_65adcad9,htl_2755e47d,amn_5f419901,1,,2026-08-18T10:00:00+05:30
ham_25025fec,htl_2755e47d,amn_b586f4b6,0,Subject to availability,2026-08-18T10:00:00+05:30
ham_60fe51ac,htl_84019428,amn_23d9dfe3,0,,2026-08-18T10:00:00+05:30
ham_f7cb0afe,htl_84019428,amn_a9c2e7f7,1,,2026-08-18T10:00:00+05:30
ham_b36087ca,htl_84019428,amn_ddb15d0d,1,,2026-08-18T10:00:00+05:30
ham_9a96f3dd,htl_84019428,amn_12210383,1,,2026-08-18T10:00:00+05:30
ham_cf8fb828,htl_84019428,amn_5738f1cd,1,,2026-08-18T10:00:00+05:30
ham_e590f1cd,htl_84019428,amn_f133f52a,1,,2026-08-18T10:00:00+05:30
ham_e305b2dd,htl_84019428,amn_509e6855,0,,2026-08-18T10:00:00+05:30
ham_b3250149,htl_84019428,amn_097715f3,1,,2026-08-18T10:00:00+05:30
ham_ec7d9479,htl_4e72ba4d,amn_0aa5eef9,1,,2026-08-18T10:00:00+05:30
ham_a8797973,htl_4e72ba4d,amn_6b7b205c,0,,2026-08-18T10:00:00+05:30
ham_a5ddf2d2,htl_4e72ba4d,amn_e50effef,1,,2026-08-18T10:00:00+05:30
ham_196331d2,htl_4e72ba4d,amn_cad0c333,1,,2026-08-18T10:00:00+05:30
ham_fb7b2ddd,htl_4e72ba4d,amn_aa21d3e3,0,,2026-08-18T10:00:00+05:30
ham_e8575d68,htl_4e72ba4d,amn_5f419901,0,,2026-08-18T10:00:00+05:30
ham_7b5d135d,htl_4e72ba4d,amn_c5da0dfc,0,,2026-08-18T10:00:00+05:30
ham_14ab0561,htl_4e72ba4d,amn_b586f4b6,1,,2026-08-18T10:00:00+05:30
ham_a0d4e21b,htl_a47cd4c7,amn_35fe073c,0,,2026-08-18T10:00:00+05:30
ham_ccc0f2fa,htl_a47cd4c7,amn_fdb40b8d,1,Subject to availability,2026-08-18T10:00:00+05:30
ham_f37ac799,htl_a47cd4c7,amn_6b3dbdd5,0,,2026-08-18T10:00:00+05:30
ham_f21cd9af,htl_a47cd4c7,amn_5f419901,1,,2026-08-18T10:00:00+05:30
ham_2ad7025f,htl_a47cd4c7,amn_c5da0dfc,1,,2026-08-18T10:00:00+05:30
ham_1efc5f83,htl_a47cd4c7,amn_aa21d3e3,1,,2026-08-18T10:00:00+05:30
ham_17d8f130,htl_a47cd4c7,amn_864b82ad,1,,2026-08-18T10:00:00+05:30
ham_15f3dda9,htl_a47cd4c7,amn_cad0c333,0,,2026-08-18T10:00:00+05:30
ham_e56e69c7,htl_48fec9af,amn_c5da0dfc,1,,2026-08-18T10:00:00+05:30
ham_6e774500,htl_48fec9af,amn_aab90d56,1,,2026-08-18T10:00:00+05:30
ham_188ef1a0,htl_48fec9af,amn_0aa5eef9,1,Subject to availability,2026-08-18T10:00:00+05:30
ham_f18c2ca2,htl_48fec9af,amn_e3103f6e,0,Subject to availability,2026-08-18T10:00:00+05:30
ham_bb71eb9c,htl_48fec9af,amn_12210383,1,,2026-08-18T10:00:00+05:30
ham_973bfdae,htl_48fec9af,amn_5f419901,1,,2026-08-18T10:00:00+05:30
ham_9b9f1da7,htl_48fec9af,amn_5738f1cd,1,,2026-08-18T10:00:00+05:30
ham_260e536d,htl_48fec9af,amn_fa6b283e,0,,2026-08-18T10:00:00+05:30
ham_a1364392,htl_b36fd517,amn_f74ad76b,0,Subject to availability,2026-08-18T10:00:00+05:30
ham_8174f7db,htl_b36fd517,amn_702292f3,0,,2026-08-18T10:00:00+05:30
ham_f402638b,htl_b36fd517,amn_23d9dfe3,1,,2026-08-18T10:00:00+05:30
ham_c6fedb8d,htl_b36fd517,amn_7f076f1d,1,,2026-08-18T10:00:00+05:30
ham_9c26f6f1,htl_b36fd517,amn_35fe073c,0,,2026-08-18T10:00:00+05:30
ham_4e3912dd,htl_b36fd517,amn_81dbdc6e,0,,2026-08-18T10:00:00+05:30
ham_d8db454c,htl_b36fd517,amn_83f80abf,1,,2026-08-18T10:00:00+05:30
ham_b03d94f4,htl_b36fd517,amn_7d92c0fa,1,,2026-08-18T10:00:00+05:30
ham_7f48a9fb,htl_298b4ec1,amn_e0ec6ba9,1,,2026-08-18T10:00:00+05:30
ham_a3668650,htl_298b4ec1,amn_7b2de8e7,1,,2026-08-18T10:00:00+05:30
ham_e4ff5f33,htl_298b4ec1,amn_c5da0dfc,0,,2026-08-18T10:00:00+05:30
ham_7515eac9,htl_298b4ec1,amn_c9036e44,1,,2026-08-18T10:00:00+05:30
ham_80715225,htl_298b4ec1,amn_3167d8f9,1,,2026-08-18T10:00:00+05:30
ham_aceb8037,htl_298b4ec1,amn_6b3dbdd5,0,,2026-08-18T10:00:00+05:30
ham_4ef4b284,htl_298b4ec1,amn_e3103f6e,1,,2026-08-18T10:00:00+05:30
ham_d7435a0f,htl_298b4ec1,amn_f1c70f04,1,,2026-08-18T10:00:00+05:30
ham_4b61b2fb,htl_d205a5e4,amn_35fe073c,0,,2026-08-18T10:00:00+05:30
ham_9cd550e3,htl_d205a5e4,amn_c5da0dfc,1,,2026-08-18T10:00:00+05:30
ham_624632ad,htl_d205a5e4,amn_f74ad76b,1,,2026-08-18T10:00:00+05:30
ham_6a20617c,htl_d205a5e4,amn_702292f3,1,Subject to availability,2026-08-18T10:00:00+05:30
ham_31365d15,htl_d205a5e4,amn_12210383,0,Subject to availability,2026-08-18T10:00:00+05:30
ham_abe72278,htl_d205a5e4,amn_0aa5eef9,1,,2026-08-18T10:00:00+05:30
ham_1dbc6408,htl_d205a5e4,amn_7f076f1d,1,,2026-08-18T10:00:00+05:30
ham_f4e2c63e,htl_d205a5e4,amn_fdb40b8d,1,,2026-08-18T10:00:00+05:30
ham_87a8f3b8,htl_c0de65d4,amn_4690aa77,1,,2026-08-18T10:00:00+05:30
ham_e853eeb3,htl_c0de65d4,amn_04903ad0,1,,2026-08-18T10:00:00+05:30
ham_d9a1c2df,htl_c0de65d4,amn_aab90d56,1,,2026-08-18T10:00:00+05:30
ham_369d59de,htl_c0de65d4,amn_fa6b283e,0,,2026-08-18T10:00:00+05:30
ham_3b611312,htl_c0de65d4,amn_7d92c0fa,1,Subject to availability,2026-08-18T10:00:00+05:30
ham_03b7aebf,htl_c0de65d4,amn_53871212,1,,2026-08-18T10:00:00+05:30
ham_6e6badff,htl_c0de65d4,amn_7f076f1d,1,Subject to availability,2026-08-18T10:00:00+05:30
ham_2b22320c,htl_c0de65d4,amn_cad0c333,1,Subject to availability,2026-08-18T10:00:00+05:30
ham_498309cd,htl_dc149b42,amn_e50effef,1,,2026-08-18T10:00:00+05:30
ham_784c60fd,htl_dc149b42,amn_e3103f6e,1,,2026-08-18T10:00:00+05:30
ham_8181f8bf,htl_dc149b42,amn_86167843,1,,2026-08-18T10:00:00+05:30
ham_55ec1ba2,htl_dc149b42,amn_a9c2e7f7,1,,2026-08-18T10:00:00+05:30
ham_8f690968,htl_dc149b42,amn_cad0c333,0,,2026-08-18T10:00:00+05:30
ham_a0b2dd95,htl_dc149b42,amn_655d5165,1,Subject to availability,2026-08-18T10:00:00+05:30
ham_8cf094a9,htl_dc149b42,amn_9d419789,1,,2026-08-18T10:00:00+05:30
ham_bb7e9a9d,htl_dc149b42,amn_f133f52a,1,,2026-08-18T10:00:00+05:30
ham_4d19aaf3,htl_4d461be6,amn_866070f8,0,,2026-08-18T10:00:00+05:30
ham_2e65c455,htl_4d461be6,amn_a01818bd,0,,2026-08-18T10:00:00+05:30
ham_c397a776,htl_4d461be6,amn_48f09670,1,,2026-08-18T10:00:00+05:30
ham_c9d2c0e3,htl_4d461be6,amn_f74ad76b,0,,2026-08-18T10:00:00+05:30
ham_8048d82d,htl_4d461be6,amn_4690aa77,1,,2026-08-18T10:00:00+05:30
ham_5c9e417b,htl_4d461be6,amn_6b2c91c4,1,Subject to availability,2026-08-18T10:00:00+05:30
ham_e9515910,htl_4d461be6,amn_83f80abf,0,,2026-08-18T10:00:00+05:30
ham_0f12ca82,htl_4d461be6,amn_a9c2e7f7,1,,2026-08-18T10:00:00+05:30
ham_3ab9fb6f,htl_273028a1,amn_866070f8,1,,2026-08-18T10:00:00+05:30
ham_9fceec85,htl_273028a1,amn_fa6b283e,0,,2026-08-18T10:00:00+05:30
ham_b984a49b,htl_273028a1,amn_a9c2e7f7,0,,2026-08-18T10:00:00+05:30
ham_97274caa,htl_273028a1,amn_8085a200,0,Subject to availability,2026-08-18T10:00:00+05:30
ham_6d45c10e,htl_273028a1,amn_6e3791c8,1,Subject to availability,2026-08-18T10:00:00+05:30
ham_6277f9b9,htl_273028a1,amn_4690aa77,1,,2026-08-18T10:00:00+05:30
ham_468fdad6,htl_273028a1,amn_e0ec6ba9,0,,2026-08-18T10:00:00+05:30
ham_a063764b,htl_273028a1,amn_9d419789,1,,2026-08-18T10:00:00+05:30
ham_812ecede,htl_30653890,amn_0aa5eef9,0,,2026-08-18T10:00:00+05:30
ham_f31e12bd,htl_30653890,amn_097715f3,1,,2026-08-18T10:00:00+05:30
ham_a4c29a23,htl_30653890,amn_5738f1cd,1,,2026-08-18T10:00:00+05:30
ham_35ea1f6c,htl_30653890,amn_6b2c91c4,1,,2026-08-18T10:00:00+05:30
ham_be348cf1,htl_30653890,amn_6b3dbdd5,0,,2026-08-18T10:00:00+05:30
ham_b8375e75,htl_30653890,amn_e50effef,1,,2026-08-18T10:00:00+05:30
ham_3d375715,htl_30653890,amn_81dbdc6e,1,,2026-08-18T10:00:00+05:30
ham_6c2accaa,htl_30653890,amn_702292f3,1,,2026-08-18T10:00:00+05:30
ham_39fdcb5a,htl_bfce4849,amn_04903ad0,1,,2026-08-18T10:00:00+05:30
ham_c20a0fc4,htl_bfce4849,amn_b586f4b6,1,,2026-08-18T10:00:00+05:30
ham_37b093a9,htl_bfce4849,amn_0aa5eef9,1,,2026-08-18T10:00:00+05:30
ham_f94b2df6,htl_bfce4849,amn_86167843,1,,2026-08-18T10:00:00+05:30
ham_ba5920a2,htl_bfce4849,amn_12210383,1,,2026-08-18T10:00:00+05:30
ham_96b052ea,htl_bfce4849,amn_7b2de8e7,1,,2026-08-18T10:00:00+05:30
ham_1bb210da,htl_bfce4849,amn_509e6855,1,,2026-08-18T10:00:00+05:30
ham_dff7031f,htl_bfce4849,amn_655d5165,1,,2026-08-18T10:00:00+05:30
ham_458b06eb,htl_bf31f384,amn_cad0c333,1,,2026-08-18T10:00:00+05:30
ham_28b211b1,htl_bf31f384,amn_d90e6bd1,0,,2026-08-18T10:00:00+05:30
ham_a476afcb,htl_bf31f384,amn_b62ec86d,1,,2026-08-18T10:00:00+05:30
ham_beb83fa7,htl_bf31f384,amn_7f076f1d,1,,2026-08-18T10:00:00+05:30
ham_3a0f02c6,htl_bf31f384,amn_866070f8,0,,2026-08-18T10:00:00+05:30
ham_432473d6,htl_bf31f384,amn_aab90d56,1,Subject to availability,2026-08-18T10:00:00+05:30
ham_46150edc,htl_bf31f384,amn_8085a200,0,,2026-08-18T10:00:00+05:30
ham_70bb2d9f,htl_bf31f384,amn_10f24325,1,,2026-08-18T10:00:00+05:30
ham_d28d0091,htl_48b38cd2,amn_097715f3,1,,2026-08-18T10:00:00+05:30
ham_dd3b19fd,htl_48b38cd2,amn_3167d8f9,1,,2026-08-18T10:00:00+05:30
ham_7110776d,htl_48b38cd2,amn_866070f8,1,,2026-08-18T10:00:00+05:30
ham_91d247a2,htl_48b38cd2,amn_5738f1cd,1,,2026-08-18T10:00:00+05:30
ham_2d659896,htl_48b38cd2,amn_4690aa77,1,,2026-08-18T10:00:00+05:30
ham_fc76fbcd,htl_48b38cd2,amn_83f80abf,1,,2026-08-18T10:00:00+05:30
ham_f2423a4d,htl_48b38cd2,amn_35fe073c,1,,2026-08-18T10:00:00+05:30
ham_7deffc0a,htl_48b38cd2,amn_c9036e44,1,,2026-08-18T10:00:00+05:30
ham_9c2ffddc,htl_9591edb5,amn_83f80abf,0,,2026-08-18T10:00:00+05:30
ham_29f37dd8,htl_9591edb5,amn_3b3cfd8b,0,,2026-08-18T10:00:00+05:30
ham_d5a40fd8,htl_9591edb5,amn_ddb15d0d,0,,2026-08-18T10:00:00+05:30
ham_291ff1da,htl_9591edb5,amn_53871212,0,,2026-08-18T10:00:00+05:30
ham_ba41564e,htl_9591edb5,amn_aa21d3e3,0,,2026-08-18T10:00:00+05:30
ham_85ed3cef,htl_9591edb5,amn_7f076f1d,1,,2026-08-18T10:00:00+05:30
ham_0b735039,htl_9591edb5,amn_12210383,1,Subject to availability,2026-08-18T10:00:00+05:30
ham_609f04ae,htl_9591edb5,amn_81dbdc6e,1,,2026-08-18T10:00:00+05:30
ham_3ba42e47,htl_44f1ae8b,amn_95603f62,1,,2026-08-18T10:00:00+05:30
ham_5c24ec90,htl_44f1ae8b,amn_5738f1cd,0,,2026-08-18T10:00:00+05:30
ham_b00d1499,htl_44f1ae8b,amn_12210383,1,,2026-08-18T10:00:00+05:30
ham_ed39bb6b,htl_44f1ae8b,amn_509e6855,1,,2026-08-18T10:00:00+05:30
ham_930ab2bb,htl_44f1ae8b,amn_10f24325,0,Subject to availability,2026-08-18T10:00:00+05:30
ham_e6c33605,htl_44f1ae8b,amn_0aa5eef9,0,Subject to availability,2026-08-18T10:00:00+05:30
ham_5398642d,htl_44f1ae8b,amn_e53b2ad3,1,,2026-08-18T10:00:00+05:30
ham_8e65c2bb,htl_44f1ae8b,amn_855119e6,1,,2026-08-18T10:00:00+05:30
ham_dd105450,htl_01cc0635,amn_f1c70f04,1,,2026-08-18T10:00:00+05:30
ham_2cb941c5,htl_01cc0635,amn_f74ad76b,0,Subject to availability,2026-08-18T10:00:00+05:30
ham_cdc91a4e,htl_01cc0635,amn_989b97b0,0,,2026-08-18T10:00:00+05:30
ham_3412ad25,htl_01cc0635,amn_48f09670,0,,2026-08-18T10:00:00+05:30
ham_62e02a5d,htl_01cc0635,amn_7d92c0fa,1,,2026-08-18T10:00:00+05:30
ham_d6ac1cbf,htl_01cc0635,amn_3167d8f9,1,,2026-08-18T10:00:00+05:30
ham_7747be16,htl_01cc0635,amn_7f076f1d,0,Subject to availability,2026-08-18T10:00:00+05:30
ham_351c3dc4,htl_01cc0635,amn_5fb5d136,0,,2026-08-18T10:00:00+05:30
ham_1dd6d0db,htl_14e0ebdc,amn_c5da0dfc,1,,2026-08-18T10:00:00+05:30
ham_8b77b73c,htl_14e0ebdc,amn_6b2c91c4,1,,2026-08-18T10:00:00+05:30
ham_34c4fc2f,htl_14e0ebdc,amn_83f80abf,1,,2026-08-18T10:00:00+05:30
ham_a0f89afa,htl_14e0ebdc,amn_e50effef,0,,2026-08-18T10:00:00+05:30
ham_e6d17589,htl_14e0ebdc,amn_aab90d56,1,,2026-08-18T10:00:00+05:30
ham_047468ab,htl_14e0ebdc,amn_509e6855,0,Subject to availability,2026-08-18T10:00:00+05:30
ham_a5a3b152,htl_14e0ebdc,amn_df266b70,1,Subject to availability,2026-08-18T10:00:00+05:30
ham_41c4a3ec,htl_14e0ebdc,amn_3167d8f9,0,,2026-08-18T10:00:00+05:30
ham_7b3b536f,htl_b24e5527,amn_0aa5eef9,1,,2026-08-18T10:00:00+05:30
ham_ddc797cf,htl_b24e5527,amn_f1c70f04,0,,2026-08-18T10:00:00+05:30
ham_4d5ccdce,htl_b24e5527,amn_1c1f3c38,1,,2026-08-18T10:00:00+05:30
ham_551cf39b,htl_b24e5527,amn_7b2de8e7,1,Subject to availability,2026-08-18T10:00:00+05:30
ham_a82ca03b,htl_b24e5527,amn_f74ad76b,1,,2026-08-18T10:00:00+05:30
ham_d6fe4a53,htl_b24e5527,amn_95603f62,1,Subject to availability,2026-08-18T10:00:00+05:30
ham_53b446ff,htl_b24e5527,amn_7d92c0fa,0,,2026-08-18T10:00:00+05:30
ham_d2524e2b,htl_b24e5527,amn_aa21d3e3,0,,2026-08-18T10:00:00+05:30
ham_ef6e5c15,htl_33999106,amn_e53b2ad3,1,,2026-08-18T10:00:00+05:30
ham_455cc6d8,htl_33999106,amn_7f076f1d,0,,2026-08-18T10:00:00+05:30
ham_31c5fe91,htl_33999106,amn_655d5165,1,,2026-08-18T10:00:00+05:30
ham_d59400f6,htl_33999106,amn_d096bc01,1,,2026-08-18T10:00:00+05:30
ham_77707ab2,htl_33999106,amn_097715f3,0,,2026-08-18T10:00:00+05:30
ham_878316a1,htl_33999106,amn_c9036e44,1,,2026-08-18T10:00:00+05:30
ham_d90c6468,htl_33999106,amn_f1c70f04,1,,2026-08-18T10:00:00+05:30
ham_cc9d5d41,htl_33999106,amn_b62ec86d,1,,2026-08-18T10:00:00+05:30
ham_673ef325,htl_0a785439,amn_6b7b205c,0,,2026-08-18T10:00:00+05:30
ham_f4b897cf,htl_0a785439,amn_10f24325,1,,2026-08-18T10:00:00+05:30
ham_ead13252,htl_0a785439,amn_9d419789,0,,2026-08-18T10:00:00+05:30
ham_cb41e5cc,htl_0a785439,amn_088a3bd3,1,,2026-08-18T10:00:00+05:30
ham_b72b79ee,htl_0a785439,amn_df266b70,0,,2026-08-18T10:00:00+05:30
ham_0c51bc2c,htl_0a785439,amn_e53b2ad3,1,Subject to availability,2026-08-18T10:00:00+05:30
ham_e84a9231,htl_0a785439,amn_04903ad0,1,,2026-08-18T10:00:00+05:30
ham_dedf64ba,htl_0a785439,amn_c9036e44,1,,2026-08-18T10:00:00+05:30
ham_a86d186a,htl_b3c102fc,amn_c5da0dfc,1,,2026-08-18T10:00:00+05:30
ham_732a7393,htl_b3c102fc,amn_6b7b205c,1,,2026-08-18T10:00:00+05:30
ham_363c2155,htl_b3c102fc,amn_5738f1cd,1,Subject to availability,2026-08-18T10:00:00+05:30
ham_1a6f6c2f,htl_b3c102fc,amn_23d9dfe3,1,,2026-08-18T10:00:00+05:30
ham_56573ec9,htl_b3c102fc,amn_e0ec6ba9,1,,2026-08-18T10:00:00+05:30
ham_4d6ca444,htl_b3c102fc,amn_d90e6bd1,1,,2026-08-18T10:00:00+05:30
ham_cee6f7a0,htl_b3c102fc,amn_989b97b0,1,,2026-08-18T10:00:00+05:30
ham_edfe18f5,htl_b3c102fc,amn_e3103f6e,1,,2026-08-18T10:00:00+05:30
ham_dc37449f,htl_76cb1dd1,amn_23d9dfe3,1,Subject to availability,2026-08-18T10:00:00+05:30
ham_abef0503,htl_76cb1dd1,amn_d096bc01,1,,2026-08-18T10:00:00+05:30
ham_13838a2f,htl_76cb1dd1,amn_86167843,1,,2026-08-18T10:00:00+05:30
ham_81fec706,htl_76cb1dd1,amn_f133f52a,1,,2026-08-18T10:00:00+05:30
ham_ae0ea70e,htl_76cb1dd1,amn_7b2de8e7,0,,2026-08-18T10:00:00+05:30
ham_d7d48142,htl_76cb1dd1,amn_864b82ad,1,,2026-08-18T10:00:00+05:30
ham_3e2d4848,htl_76cb1dd1,amn_cad0c333,1,Subject to availability,2026-08-18T10:00:00+05:30
ham_168d06d2,htl_76cb1dd1,amn_4690aa77,1,,2026-08-18T10:00:00+05:30
ham_77df4a0f,htl_dfe97fda,amn_f133f52a,0,,2026-08-18T10:00:00+05:30
ham_2df4df4a,htl_dfe97fda,amn_6b2c91c4,0,,2026-08-18T10:00:00+05:30
ham_fac22ca1,htl_dfe97fda,amn_cad0c333,0,,2026-08-18T10:00:00+05:30
ham_1b0e3018,htl_dfe97fda,amn_86167843,0,,2026-08-18T10:00:00+05:30
ham_260a8317,htl_dfe97fda,amn_5fb5d136,1,,2026-08-18T10:00:00+05:30
ham_442f4bb6,htl_dfe97fda,amn_088a3bd3,1,,2026-08-18T10:00:00+05:30
ham_9b428bf7,htl_dfe97fda,amn_7b2de8e7,1,,2026-08-18T10:00:00+05:30
ham_0001ee8c,htl_dfe97fda,amn_b62ec86d,1,Subject to availability,2026-08-18T10:00:00+05:30
ham_475f103f,htl_245a6528,amn_35fe073c,0,Subject to availability,2026-08-18T10:00:00+05:30
ham_078aee28,htl_245a6528,amn_1c1f3c38,0,,2026-08-18T10:00:00+05:30
ham_66f9e76f,htl_245a6528,amn_509e6855,1,Subject to availability,2026-08-18T10:00:00+05:30
ham_63c70c6b,htl_245a6528,amn_7b2de8e7,1,,2026-08-18T10:00:00+05:30
ham_99cdf94e,htl_245a6528,amn_3b3cfd8b,0,,2026-08-18T10:00:00+05:30
ham_1c011e34,htl_245a6528,amn_9d419789,1,Subject to availability,2026-08-18T10:00:00+05:30
ham_a8f9329a,htl_245a6528,amn_7f076f1d,0,Subject to availability,2026-08-18T10:00:00+05:30
ham_e49a7b21,htl_245a6528,amn_3167d8f9,0,,2026-08-18T10:00:00+05:30
ham_bf4e2d4b,htl_79d42624,amn_4690aa77,1,,2026-08-18T10:00:00+05:30
ham_da92504c,htl_79d42624,amn_5f419901,0,,2026-08-18T10:00:00+05:30
ham_499f14cd,htl_79d42624,amn_3167d8f9,1,,2026-08-18T10:00:00+05:30
ham_39fffe00,htl_79d42624,amn_5fb5d136,1,,2026-08-18T10:00:00+05:30
ham_7d342108,htl_79d42624,amn_d096bc01,1,,2026-08-18T10:00:00+05:30
ham_116ef8ca,htl_79d42624,amn_5738f1cd,1,,2026-08-18T10:00:00+05:30
ham_2fabb47d,htl_79d42624,amn_fa6b283e,0,,2026-08-18T10:00:00+05:30
ham_2dd1aaa5,htl_79d42624,amn_10f24325,1,,2026-08-18T10:00:00+05:30
ham_2b0dbd56,htl_764cb54e,amn_4690aa77,1,,2026-08-18T10:00:00+05:30
ham_5c6bcb55,htl_764cb54e,amn_3167d8f9,0,,2026-08-18T10:00:00+05:30
ham_15aa25da,htl_764cb54e,amn_04903ad0,1,,2026-08-18T10:00:00+05:30
ham_87829b7d,htl_764cb54e,amn_864b82ad,0,Subject to availability,2026-08-18T10:00:00+05:30
ham_7c048faa,htl_764cb54e,amn_655d5165,1,,2026-08-18T10:00:00+05:30
ham_0d607809,htl_764cb54e,amn_509e6855,1,,2026-08-18T10:00:00+05:30
ham_83efd57a,htl_764cb54e,amn_ddb15d0d,1,,2026-08-18T10:00:00+05:30
ham_390ba24b,htl_764cb54e,amn_df266b70,1,,2026-08-18T10:00:00+05:30
ham_408d2d89,htl_abb24469,amn_3167d8f9,0,,2026-08-18T10:00:00+05:30
ham_88878e1f,htl_abb24469,amn_f1c70f04,1,,2026-08-18T10:00:00+05:30
ham_69893d7d,htl_abb24469,amn_d566dd5c,1,,2026-08-18T10:00:00+05:30
ham_de51435f,htl_abb24469,amn_fa6b283e,1,,2026-08-18T10:00:00+05:30
ham_2d89e7bb,htl_abb24469,amn_aa21d3e3,1,,2026-08-18T10:00:00+05:30
ham_795a2ac4,htl_abb24469,amn_fdb40b8d,1,,2026-08-18T10:00:00+05:30
ham_b5e5ccbc,htl_abb24469,amn_088a3bd3,1,,2026-08-18T10:00:00+05:30
ham_cdfab624,htl_abb24469,amn_e50effef,1,,2026-08-18T10:00:00+05:30
ham_768bad18,htl_02acd495,amn_6b3dbdd5,0,Subject to availability,2026-08-18T10:00:00+05:30
ham_24f9b58b,htl_02acd495,amn_4690aa77,1,,2026-08-18T10:00:00+05:30
ham_ce536343,htl_02acd495,amn_3167d8f9,1,,2026-08-18T10:00:00+05:30
ham_79b6f276,htl_02acd495,amn_95603f62,0,,2026-08-18T10:00:00+05:30
ham_1db18050,htl_02acd495,amn_a9c2e7f7,0,,2026-08-18T10:00:00+05:30
ham_07818eb6,htl_02acd495,amn_8085a200,1,,2026-08-18T10:00:00+05:30
ham_3dfe8603,htl_02acd495,amn_6b2c91c4,1,,2026-08-18T10:00:00+05:30
ham_0755b776,htl_02acd495,amn_7f076f1d,0,,2026-08-18T10:00:00+05:30
ham_e6e9b2d6,htl_47d978bd,amn_b586f4b6,1,,2026-08-18T10:00:00+05:30
ham_d7cdc8d8,htl_47d978bd,amn_3b3cfd8b,1,Subject to availability,2026-08-18T10:00:00+05:30
ham_7b45834f,htl_47d978bd,amn_864b82ad,0,,2026-08-18T10:00:00+05:30
ham_edbd17fe,htl_47d978bd,amn_509e6855,1,,2026-08-18T10:00:00+05:30
ham_ccc6fdfe,htl_47d978bd,amn_9d419789,0,,2026-08-18T10:00:00+05:30
ham_ae397904,htl_47d978bd,amn_f74ad76b,1,,2026-08-18T10:00:00+05:30
ham_c7ae74ad,htl_47d978bd,amn_989b97b0,1,,2026-08-18T10:00:00+05:30
ham_99a8964e,htl_47d978bd,amn_7d92c0fa,1,,2026-08-18T10:00:00+05:30
ham_3b982769,htl_3ae2dcdc,amn_e3103f6e,0,Subject to availability,2026-08-18T10:00:00+05:30
ham_75c65a0f,htl_3ae2dcdc,amn_8085a200,1,,2026-08-18T10:00:00+05:30
ham_7046a47e,htl_3ae2dcdc,amn_f1c70f04,1,,2026-08-18T10:00:00+05:30
ham_b5d8db18,htl_3ae2dcdc,amn_cad0c333,1,,2026-08-18T10:00:00+05:30
ham_634323c4,htl_3ae2dcdc,amn_f133f52a,0,,2026-08-18T10:00:00+05:30
ham_b70e9847,htl_3ae2dcdc,amn_12210383,0,,2026-08-18T10:00:00+05:30
ham_75cb5a7e,htl_3ae2dcdc,amn_855119e6,0,,2026-08-18T10:00:00+05:30
ham_d315fdba,htl_3ae2dcdc,amn_9d419789,1,,2026-08-18T10:00:00+05:30
ham_b569a123,htl_e2de8e67,amn_95603f62,0,Subject to availability,2026-08-18T10:00:00+05:30
ham_5dc89e9b,htl_e2de8e67,amn_e0ec6ba9,0,,2026-08-18T10:00:00+05:30
ham_a8c1fe25,htl_e2de8e67,amn_a01818bd,1,,2026-08-18T10:00:00+05:30
ham_830709ff,htl_e2de8e67,amn_6b3dbdd5,1,,2026-08-18T10:00:00+05:30
ham_8bd78510,htl_e2de8e67,amn_df266b70,1,,2026-08-18T10:00:00+05:30
ham_a5c38a81,htl_e2de8e67,amn_f1c70f04,1,,2026-08-18T10:00:00+05:30
ham_433daf78,htl_e2de8e67,amn_48f09670,1,,2026-08-18T10:00:00+05:30
ham_0f259b27,htl_e2de8e67,amn_04903ad0,1,,2026-08-18T10:00:00+05:30
ham_9f4d5eef,htl_bae73dee,amn_864b82ad,1,Subject to availability,2026-08-18T10:00:00+05:30
ham_9dac6e36,htl_bae73dee,amn_3167d8f9,1,,2026-08-18T10:00:00+05:30
ham_5e51d6b9,htl_bae73dee,amn_5fb5d136,1,,2026-08-18T10:00:00+05:30
ham_16a96e68,htl_bae73dee,amn_655d5165,0,,2026-08-18T10:00:00+05:30
ham_209955d5,htl_bae73dee,amn_a01818bd,1,,2026-08-18T10:00:00+05:30
ham_7addb683,htl_bae73dee,amn_fdb40b8d,1,,2026-08-18T10:00:00+05:30
ham_3cb18163,htl_bae73dee,amn_f74ad76b,1,,2026-08-18T10:00:00+05:30
ham_a567f82e,htl_bae73dee,amn_097715f3,0,Subject to availability,2026-08-18T10:00:00+05:30
ham_f5c15f0d,htl_f240ca58,amn_864b82ad,1,,2026-08-18T10:00:00+05:30
ham_789ed071,htl_f240ca58,amn_9d419789,0,,2026-08-18T10:00:00+05:30
ham_0302e940,htl_f240ca58,amn_3167d8f9,1,,2026-08-18T10:00:00+05:30
ham_bc9d7642,htl_f240ca58,amn_866070f8,1,,2026-08-18T10:00:00+05:30
ham_a2dc6890,htl_f240ca58,amn_4690aa77,0,,2026-08-18T10:00:00+05:30
ham_39a70130,htl_f240ca58,amn_aab90d56,1,,2026-08-18T10:00:00+05:30
ham_0de50ad1,htl_f240ca58,amn_702292f3,1,,2026-08-18T10:00:00+05:30
ham_a82e3970,htl_f240ca58,amn_c9036e44,0,Subject to availability,2026-08-18T10:00:00+05:30
ham_905f7a88,htl_8355f0e8,amn_d566dd5c,1,,2026-08-18T10:00:00+05:30
ham_d8f01072,htl_8355f0e8,amn_864b82ad,1,Subject to availability,2026-08-18T10:00:00+05:30
ham_47844593,htl_8355f0e8,amn_d90e6bd1,1,,2026-08-18T10:00:00+05:30
ham_52352e1b,htl_8355f0e8,amn_df266b70,1,,2026-08-18T10:00:00+05:30
ham_8fd48971,htl_8355f0e8,amn_1c1f3c38,0,,2026-08-18T10:00:00+05:30
ham_7da360fb,htl_8355f0e8,amn_c9036e44,1,Subject to availability,2026-08-18T10:00:00+05:30
ham_1231d0bf,htl_8355f0e8,amn_12210383,1,,2026-08-18T10:00:00+05:30
ham_74cf4974,htl_8355f0e8,amn_35fe073c,0,Subject to availability,2026-08-18T10:00:00+05:30
ham_d5e917c1,htl_56eca5af,amn_702292f3,1,,2026-08-18T10:00:00+05:30
ham_aed34907,htl_56eca5af,amn_1c1f3c38,0,,2026-08-18T10:00:00+05:30
ham_3b777cd3,htl_56eca5af,amn_d90e6bd1,0,,2026-08-18T10:00:00+05:30
ham_ef33b29d,htl_56eca5af,amn_df266b70,1,,2026-08-18T10:00:00+05:30
ham_87e86a8d,htl_56eca5af,amn_83f80abf,1,,2026-08-18T10:00:00+05:30
ham_0517ef13,htl_56eca5af,amn_a01818bd,1,,2026-08-18T10:00:00+05:30
ham_75f0679a,htl_56eca5af,amn_6e3791c8,1,Subject to availability,2026-08-18T10:00:00+05:30
ham_a3039cdb,htl_56eca5af,amn_8085a200,0,Subject to availability,2026-08-18T10:00:00+05:30
ham_809dbe30,htl_436b30f2,amn_04903ad0,1,,2026-08-18T10:00:00+05:30
ham_01780f46,htl_436b30f2,amn_855119e6,1,,2026-08-18T10:00:00+05:30
ham_622b3e13,htl_436b30f2,amn_1c1f3c38,1,Subject to availability,2026-08-18T10:00:00+05:30
ham_525a3806,htl_436b30f2,amn_86167843,1,,2026-08-18T10:00:00+05:30
ham_ecb2a37b,htl_436b30f2,amn_e53b2ad3,0,Subject to availability,2026-08-18T10:00:00+05:30
ham_58ffed0c,htl_436b30f2,amn_989b97b0,1,,2026-08-18T10:00:00+05:30
ham_7c00b178,htl_436b30f2,amn_f1c70f04,0,Subject to availability,2026-08-18T10:00:00+05:30
ham_9f4b5ef1,htl_436b30f2,amn_a9c2e7f7,1,,2026-08-18T10:00:00+05:30
ham_9e6f112e,htl_856e726b,amn_4690aa77,0,,2026-08-18T10:00:00+05:30
ham_a6cbf8d5,htl_856e726b,amn_866070f8,0,,2026-08-18T10:00:00+05:30
ham_3d141cbd,htl_856e726b,amn_a9c2e7f7,0,,2026-08-18T10:00:00+05:30
ham_dc342e7c,htl_856e726b,amn_cad0c333,1,,2026-08-18T10:00:00+05:30
ham_8588b416,htl_856e726b,amn_d096bc01,1,,2026-08-18T10:00:00+05:30
ham_65334225,htl_856e726b,amn_f1c70f04,1,,2026-08-18T10:00:00+05:30
ham_6f7e854f,htl_856e726b,amn_ddb15d0d,1,,2026-08-18T10:00:00+05:30
ham_fb319df2,htl_856e726b,amn_0aa5eef9,0,,2026-08-18T10:00:00+05:30
ham_59639c19,htl_8af8dc5e,amn_509e6855,1,,2026-08-18T10:00:00+05:30
ham_1605fd56,htl_8af8dc5e,amn_fdb40b8d,1,,2026-08-18T10:00:00+05:30
ham_3631a85b,htl_8af8dc5e,amn_aab90d56,1,Subject to availability,2026-08-18T10:00:00+05:30
ham_1db8c58f,htl_8af8dc5e,amn_6b3dbdd5,1,,2026-08-18T10:00:00+05:30
ham_8ae1967c,htl_8af8dc5e,amn_23d9dfe3,1,Subject to availability,2026-08-18T10:00:00+05:30
ham_82d40708,htl_8af8dc5e,amn_b62ec86d,1,,2026-08-18T10:00:00+05:30
ham_fd7e3c24,htl_8af8dc5e,amn_d096bc01,0,,2026-08-18T10:00:00+05:30
ham_00c5f395,htl_8af8dc5e,amn_9d419789,1,,2026-08-18T10:00:00+05:30
ham_a6dd6375,htl_a4e3bbe6,amn_866070f8,1,Subject to availability,2026-08-18T10:00:00+05:30
ham_8db42e64,htl_a4e3bbe6,amn_12210383,1,Subject to availability,2026-08-18T10:00:00+05:30
ham_b54ebfdd,htl_a4e3bbe6,amn_81dbdc6e,0,,2026-08-18T10:00:00+05:30
ham_c51dcec5,htl_a4e3bbe6,amn_f1c70f04,1,,2026-08-18T10:00:00+05:30
ham_cf9d8590,htl_a4e3bbe6,amn_aab90d56,0,,2026-08-18T10:00:00+05:30
ham_5331c609,htl_a4e3bbe6,amn_35fe073c,0,,2026-08-18T10:00:00+05:30
ham_93e7047d,htl_a4e3bbe6,amn_10f24325,1,,2026-08-18T10:00:00+05:30
ham_cfee69e0,htl_a4e3bbe6,amn_cad0c333,1,,2026-08-18T10:00:00+05:30
ham_9f69b84e,htl_601e876f,amn_d90e6bd1,1,,2026-08-18T10:00:00+05:30
ham_721dbc87,htl_601e876f,amn_83f80abf,0,,2026-08-18T10:00:00+05:30
ham_5dcad849,htl_601e876f,amn_53871212,1,,2026-08-18T10:00:00+05:30
ham_0ec7a120,htl_601e876f,amn_fdb40b8d,1,,2026-08-18T10:00:00+05:30
ham_3a63e8b4,htl_601e876f,amn_e0ec6ba9,1,,2026-08-18T10:00:00+05:30
ham_b355ea07,htl_601e876f,amn_6e3791c8,0,,2026-08-18T10:00:00+05:30
ham_17da26e9,htl_601e876f,amn_f133f52a,1,,2026-08-18T10:00:00+05:30
ham_7142e340,htl_601e876f,amn_fa6b283e,1,,2026-08-18T10:00:00+05:30
ham_343c3200,htl_4374ecd9,amn_df266b70,0,,2026-08-18T10:00:00+05:30
ham_85807222,htl_4374ecd9,amn_6b7b205c,1,,2026-08-18T10:00:00+05:30
ham_f06a3cda,htl_4374ecd9,amn_f74ad76b,1,,2026-08-18T10:00:00+05:30
ham_7a75359f,htl_4374ecd9,amn_35fe073c,0,,2026-08-18T10:00:00+05:30
ham_95f60844,htl_4374ecd9,amn_b586f4b6,0,,2026-08-18T10:00:00+05:30
ham_8772d044,htl_4374ecd9,amn_d90e6bd1,0,Subject to availability,2026-08-18T10:00:00+05:30
ham_151da105,htl_4374ecd9,amn_c5da0dfc,1,,2026-08-18T10:00:00+05:30
ham_5714347f,htl_4374ecd9,amn_5f419901,1,Subject to availability,2026-08-18T10:00:00+05:30
ham_9cf8c53f,htl_33ef8894,amn_1c1f3c38,1,,2026-08-18T10:00:00+05:30
ham_dadb9149,htl_33ef8894,amn_23d9dfe3,1,,2026-08-18T10:00:00+05:30
ham_b1b0e3a0,htl_33ef8894,amn_5fb5d136,1,,2026-08-18T10:00:00+05:30
ham_4787be12,htl_33ef8894,amn_ddb15d0d,0,,2026-08-18T10:00:00+05:30
ham_8d3cb8e3,htl_33ef8894,amn_4690aa77,0,,2026-08-18T10:00:00+05:30
ham_650abbb8,htl_33ef8894,amn_b586f4b6,1,,2026-08-18T10:00:00+05:30
ham_e92f3cc0,htl_33ef8894,amn_989b97b0,0,,2026-08-18T10:00:00+05:30
ham_36536d31,htl_33ef8894,amn_7b2de8e7,0,,2026-08-18T10:00:00+05:30
ham_82efb2ac,htl_2cbf2c51,amn_a01818bd,1,,2026-08-18T10:00:00+05:30
ham_6423942c,htl_2cbf2c51,amn_5738f1cd,1,,2026-08-18T10:00:00+05:30
ham_8c96d056,htl_2cbf2c51,amn_3167d8f9,0,,2026-08-18T10:00:00+05:30
ham_1fab89a5,htl_2cbf2c51,amn_12210383,1,,2026-08-18T10:00:00+05:30
ham_8b677790,htl_2cbf2c51,amn_e53b2ad3,1,,2026-08-18T10:00:00+05:30
ham_b5f7824d,htl_2cbf2c51,amn_d566dd5c,1,Subject to availability,2026-08-18T10:00:00+05:30
ham_b658b27e,htl_2cbf2c51,amn_d096bc01,1,,2026-08-18T10:00:00+05:30
ham_6706a4cd,htl_2cbf2c51,amn_1c1f3c38,0,,2026-08-18T10:00:00+05:30
ham_44a3631d,htl_134fd9ab,amn_e50effef,0,,2026-08-18T10:00:00+05:30
ham_245a51ba,htl_134fd9ab,amn_655d5165,1,,2026-08-18T10:00:00+05:30
ham_b4db4c49,htl_134fd9ab,amn_5fb5d136,0,,2026-08-18T10:00:00+05:30
ham_c85a8233,htl_134fd9ab,amn_6b3dbdd5,0,,2026-08-18T10:00:00+05:30
ham_0c01c653,htl_134fd9ab,amn_aa21d3e3,0,,2026-08-18T10:00:00+05:30
ham_37912a26,htl_134fd9ab,amn_097715f3,1,Subject to availability,2026-08-18T10:00:00+05:30
ham_06abd59f,htl_134fd9ab,amn_3b3cfd8b,0,,2026-08-18T10:00:00+05:30
ham_60aaf940,htl_134fd9ab,amn_ddb15d0d,1,,2026-08-18T10:00:00+05:30
ham_84b950db,htl_33095d0f,amn_04903ad0,1,,2026-08-18T10:00:00+05:30
ham_a11160c1,htl_33095d0f,amn_23d9dfe3,0,,2026-08-18T10:00:00+05:30
ham_400c23fc,htl_33095d0f,amn_c5da0dfc,0,,2026-08-18T10:00:00+05:30
ham_2c51d445,htl_33095d0f,amn_f1c70f04,1,,2026-08-18T10:00:00+05:30
ham_9f396828,htl_33095d0f,amn_95603f62,1,,2026-08-18T10:00:00+05:30
ham_178130c1,htl_33095d0f,amn_10f24325,1,Subject to availability,2026-08-18T10:00:00+05:30
ham_cac3a4e9,htl_33095d0f,amn_fdb40b8d,0,,2026-08-18T10:00:00+05:30
ham_ad885749,htl_33095d0f,amn_fa6b283e,1,,2026-08-18T10:00:00+05:30
ham_8a95df33,htl_6cf4a14b,amn_f74ad76b,1,,2026-08-18T10:00:00+05:30
ham_08cbd54b,htl_6cf4a14b,amn_53871212,1,,2026-08-18T10:00:00+05:30
ham_a0863a97,htl_6cf4a14b,amn_702292f3,0,,2026-08-18T10:00:00+05:30
ham_3a4dcfe5,htl_6cf4a14b,amn_aab90d56,0,,2026-08-18T10:00:00+05:30
ham_aa698b42,htl_6cf4a14b,amn_6b7b205c,1,,2026-08-18T10:00:00+05:30
ham_3befa170,htl_6cf4a14b,amn_f1c70f04,1,,2026-08-18T10:00:00+05:30
ham_39cf49eb,htl_6cf4a14b,amn_d90e6bd1,1,,2026-08-18T10:00:00+05:30
ham_1932eb8b,htl_6cf4a14b,amn_aa21d3e3,1,Subject to availability,2026-08-18T10:00:00+05:30
ham_ed5274af,htl_c5416060,amn_097715f3,0,,2026-08-18T10:00:00+05:30
ham_2909b59c,htl_c5416060,amn_95603f62,1,,2026-08-18T10:00:00+05:30
ham_46fdb71c,htl_c5416060,amn_ddb15d0d,0,Subject to availability,2026-08-18T10:00:00+05:30
ham_7509de5f,htl_c5416060,amn_5738f1cd,1,,2026-08-18T10:00:00+05:30
ham_5a2e20d7,htl_c5416060,amn_655d5165,0,,2026-08-18T10:00:00+05:30
ham_537f2c9e,htl_c5416060,amn_c5da0dfc,0,,2026-08-18T10:00:00+05:30
ham_1cea9914,htl_c5416060,amn_35fe073c,0,,2026-08-18T10:00:00+05:30
ham_d3398fa9,htl_c5416060,amn_c9036e44,1,,2026-08-18T10:00:00+05:30
ham_a942ec5b,htl_886263e9,amn_f1c70f04,1,,2026-08-18T10:00:00+05:30
ham_d341126c,htl_886263e9,amn_6e3791c8,1,,2026-08-18T10:00:00+05:30
ham_56f6491c,htl_886263e9,amn_3b3cfd8b,1,,2026-08-18T10:00:00+05:30
ham_c2724b09,htl_886263e9,amn_10f24325,1,,2026-08-18T10:00:00+05:30
ham_bad74dff,htl_886263e9,amn_866070f8,1,Subject to availability,2026-08-18T10:00:00+05:30
ham_8453ed46,htl_886263e9,amn_53871212,1,Subject to availability,2026-08-18T10:00:00+05:30
ham_5b6a4ef1,htl_886263e9,amn_655d5165,0,Subject to availability,2026-08-18T10:00:00+05:30
ham_781bbb7a,htl_886263e9,amn_088a3bd3,0,,2026-08-18T10:00:00+05:30
ham_0a25f1c1,htl_29ab8d35,amn_b62ec86d,1,Subject to availability,2026-08-18T10:00:00+05:30
ham_e59d17a0,htl_29ab8d35,amn_6b3dbdd5,1,,2026-08-18T10:00:00+05:30
ham_3376c923,htl_29ab8d35,amn_f74ad76b,1,,2026-08-18T10:00:00+05:30
ham_9360e224,htl_29ab8d35,amn_23d9dfe3,1,,2026-08-18T10:00:00+05:30
ham_f41b429f,htl_29ab8d35,amn_e0ec6ba9,1,Subject to availability,2026-08-18T10:00:00+05:30
ham_3055fab9,htl_29ab8d35,amn_4690aa77,1,,2026-08-18T10:00:00+05:30
ham_1fc6d1f3,htl_29ab8d35,amn_6b2c91c4,1,,2026-08-18T10:00:00+05:30
ham_6c4fd306,htl_29ab8d35,amn_f133f52a,1,,2026-08-18T10:00:00+05:30
ham_29d550f6,htl_2794421e,amn_e50effef,1,,2026-08-18T10:00:00+05:30
ham_5dbb1564,htl_2794421e,amn_e0ec6ba9,1,,2026-08-18T10:00:00+05:30
ham_414dcf12,htl_2794421e,amn_86167843,0,,2026-08-18T10:00:00+05:30
ham_41dd0e0b,htl_2794421e,amn_7f076f1d,0,Subject to availability,2026-08-18T10:00:00+05:30
ham_932e8d79,htl_2794421e,amn_83f80abf,0,,2026-08-18T10:00:00+05:30
ham_e39fa889,htl_2794421e,amn_81dbdc6e,1,,2026-08-18T10:00:00+05:30
ham_ffb0fac0,htl_2794421e,amn_d096bc01,1,,2026-08-18T10:00:00+05:30
ham_8caa308e,htl_2794421e,amn_04903ad0,0,,2026-08-18T10:00:00+05:30
ham_c4c496d9,htl_c1021bb3,amn_4690aa77,1,,2026-08-18T10:00:00+05:30
ham_48075aa4,htl_c1021bb3,amn_ddb15d0d,1,,2026-08-18T10:00:00+05:30
ham_bd4aa1b0,htl_c1021bb3,amn_5738f1cd,0,,2026-08-18T10:00:00+05:30
ham_9fc0b631,htl_c1021bb3,amn_e53b2ad3,0,,2026-08-18T10:00:00+05:30
ham_43794fbc,htl_c1021bb3,amn_fdb40b8d,0,,2026-08-18T10:00:00+05:30
ham_707352ed,htl_c1021bb3,amn_5fb5d136,1,,2026-08-18T10:00:00+05:30
ham_45558cd3,htl_c1021bb3,amn_c9036e44,0,,2026-08-18T10:00:00+05:30
ham_3ad466bd,htl_c1021bb3,amn_509e6855,1,,2026-08-18T10:00:00+05:30
ham_676a45a1,htl_f8bfa434,amn_aa21d3e3,1,,2026-08-18T10:00:00+05:30
ham_7b677445,htl_f8bfa434,amn_fa6b283e,1,,2026-08-18T10:00:00+05:30
ham_bffef36f,htl_f8bfa434,amn_23d9dfe3,0,,2026-08-18T10:00:00+05:30
ham_5c3522ad,htl_f8bfa434,amn_509e6855,0,,2026-08-18T10:00:00+05:30
ham_26647d9d,htl_f8bfa434,amn_ddb15d0d,1,,2026-08-18T10:00:00+05:30
ham_1d056c30,htl_f8bfa434,amn_d90e6bd1,1,,2026-08-18T10:00:00+05:30
ham_6ef97d9d,htl_f8bfa434,amn_53871212,0,,2026-08-18T10:00:00+05:30
ham_6b02a5c3,htl_f8bfa434,amn_088a3bd3,0,,2026-08-18T10:00:00+05:30
ham_2ae2934d,htl_a8390357,amn_81dbdc6e,1,,2026-08-18T10:00:00+05:30
ham_beedd11a,htl_a8390357,amn_655d5165,0,,2026-08-18T10:00:00+05:30
ham_f6e3efae,htl_a8390357,amn_d90e6bd1,1,,2026-08-18T10:00:00+05:30
ham_524f5074,htl_a8390357,amn_e3103f6e,0,,2026-08-18T10:00:00+05:30
ham_56a0204e,htl_a8390357,amn_6b3dbdd5,1,,2026-08-18T10:00:00+05:30
ham_4cb09fc5,htl_a8390357,amn_c9036e44,1,,2026-08-18T10:00:00+05:30
ham_ab1ff8df,htl_a8390357,amn_c5da0dfc,1,,2026-08-18T10:00:00+05:30
ham_f8e93510,htl_a8390357,amn_0aa5eef9,1,Subject to availability,2026-08-18T10:00:00+05:30
ham_e18cfddf,htl_c3b644f4,amn_cad0c333,1,,2026-08-18T10:00:00+05:30
ham_1040d79c,htl_c3b644f4,amn_0aa5eef9,1,,2026-08-18T10:00:00+05:30
ham_a819e960,htl_c3b644f4,amn_7b2de8e7,1,Subject to availability,2026-08-18T10:00:00+05:30
ham_831cf13a,htl_c3b644f4,amn_a9c2e7f7,1,,2026-08-18T10:00:00+05:30
ham_68878e3f,htl_c3b644f4,amn_e3103f6e,1,,2026-08-18T10:00:00+05:30
ham_8e317026,htl_c3b644f4,amn_e50effef,1,,2026-08-18T10:00:00+05:30
ham_7336c45b,htl_c3b644f4,amn_866070f8,1,Subject to availability,2026-08-18T10:00:00+05:30
ham_d37d9a68,htl_c3b644f4,amn_1c1f3c38,1,,2026-08-18T10:00:00+05:30
ham_38da7427,htl_eb7ff223,amn_5738f1cd,1,,2026-08-18T10:00:00+05:30
ham_c5845adb,htl_eb7ff223,amn_4690aa77,1,,2026-08-18T10:00:00+05:30
ham_1364bf2e,htl_eb7ff223,amn_d566dd5c,1,,2026-08-18T10:00:00+05:30
ham_2a1b2180,htl_eb7ff223,amn_c5da0dfc,1,,2026-08-18T10:00:00+05:30
ham_47f0b13c,htl_eb7ff223,amn_702292f3,1,,2026-08-18T10:00:00+05:30
ham_2c6a8221,htl_eb7ff223,amn_0aa5eef9,0,,2026-08-18T10:00:00+05:30
ham_ae48d6bb,htl_eb7ff223,amn_6b7b205c,1,,2026-08-18T10:00:00+05:30
ham_d3f07644,htl_eb7ff223,amn_e53b2ad3,0,,2026-08-18T10:00:00+05:30
ham_7378b500,htl_8d39efd7,amn_8085a200,1,,2026-08-18T10:00:00+05:30
ham_078f1862,htl_8d39efd7,amn_e53b2ad3,1,,2026-08-18T10:00:00+05:30
ham_9d95d9b8,htl_8d39efd7,amn_e50effef,0,Subject to availability,2026-08-18T10:00:00+05:30
ham_fea3e210,htl_8d39efd7,amn_3167d8f9,1,,2026-08-18T10:00:00+05:30
ham_f2745a94,htl_8d39efd7,amn_5f419901,1,,2026-08-18T10:00:00+05:30
ham_ace12d2b,htl_8d39efd7,amn_3b3cfd8b,1,,2026-08-18T10:00:00+05:30
ham_de258570,htl_8d39efd7,amn_6e3791c8,1,,2026-08-18T10:00:00+05:30
ham_88949aa6,htl_8d39efd7,amn_5fb5d136,0,,2026-08-18T10:00:00+05:30
ham_810ff392,htl_7c198d6d,amn_3167d8f9,0,,2026-08-18T10:00:00+05:30
ham_7f9f4a59,htl_7c198d6d,amn_81dbdc6e,1,,2026-08-18T10:00:00+05:30
ham_a23ad0d9,htl_7c198d6d,amn_989b97b0,1,,2026-08-18T10:00:00+05:30
ham_6806df6a,htl_7c198d6d,amn_df266b70,1,,2026-08-18T10:00:00+05:30
ham_f2536295,htl_7c198d6d,amn_864b82ad,1,,2026-08-18T10:00:00+05:30
ham_c529d5c9,htl_7c198d6d,amn_3b3cfd8b,1,,2026-08-18T10:00:00+05:30
ham_10cad210,htl_7c198d6d,amn_83f80abf,0,,2026-08-18T10:00:00+05:30
ham_c85e67c6,htl_7c198d6d,amn_d566dd5c,1,,2026-08-18T10:00:00+05:30
ham_8a8fb8a3,htl_66ddcad3,amn_5f419901,0,,2026-08-18T10:00:00+05:30
ham_5a753492,htl_66ddcad3,amn_12210383,0,,2026-08-18T10:00:00+05:30
ham_3185314d,htl_66ddcad3,amn_b62ec86d,1,,2026-08-18T10:00:00+05:30
ham_c9db7852,htl_66ddcad3,amn_6b7b205c,1,Subject to availability,2026-08-18T10:00:00+05:30
ham_2e21fcfd,htl_66ddcad3,amn_864b82ad,1,,2026-08-18T10:00:00+05:30
ham_ec15eb74,htl_66ddcad3,amn_8085a200,0,,2026-08-18T10:00:00+05:30
ham_b8fe053a,htl_66ddcad3,amn_6b3dbdd5,1,,2026-08-18T10:00:00+05:30
ham_bff76b38,htl_66ddcad3,amn_04903ad0,1,,2026-08-18T10:00:00+05:30
ham_5705bc90,htl_15d2dc78,amn_0aa5eef9,1,Subject to availability,2026-08-18T10:00:00+05:30
ham_e72afbf1,htl_15d2dc78,amn_d566dd5c,1,,2026-08-18T10:00:00+05:30
ham_75bd483c,htl_15d2dc78,amn_6e3791c8,1,Subject to availability,2026-08-18T10:00:00+05:30
ham_e2043bf6,htl_15d2dc78,amn_81dbdc6e,0,,2026-08-18T10:00:00+05:30
ham_6d44e566,htl_15d2dc78,amn_a9c2e7f7,1,,2026-08-18T10:00:00+05:30
ham_3b499667,htl_15d2dc78,amn_088a3bd3,1,,2026-08-18T10:00:00+05:30
ham_ce2e9c82,htl_15d2dc78,amn_86167843,0,Subject to availability,2026-08-18T10:00:00+05:30
ham_87a7d866,htl_15d2dc78,amn_d90e6bd1,1,,2026-08-18T10:00:00+05:30
ham_4904dbcb,htl_5204cc3f,amn_ddb15d0d,1,,2026-08-18T10:00:00+05:30
ham_03178401,htl_5204cc3f,amn_23d9dfe3,1,,2026-08-18T10:00:00+05:30
ham_6b822f73,htl_5204cc3f,amn_855119e6,1,Subject to availability,2026-08-18T10:00:00+05:30
ham_caba4283,htl_5204cc3f,amn_e0ec6ba9,1,,2026-08-18T10:00:00+05:30
ham_5ea2061e,htl_5204cc3f,amn_a01818bd,0,,2026-08-18T10:00:00+05:30
ham_3284378a,htl_5204cc3f,amn_f1c70f04,1,Subject to availability,2026-08-18T10:00:00+05:30
ham_473764ee,htl_5204cc3f,amn_48f09670,1,,2026-08-18T10:00:00+05:30
ham_e51e3afb,htl_5204cc3f,amn_86167843,1,,2026-08-18T10:00:00+05:30
ham_0c124b52,htl_9ce8d068,amn_f74ad76b,1,,2026-08-18T10:00:00+05:30
ham_1c187abb,htl_9ce8d068,amn_702292f3,1,,2026-08-18T10:00:00+05:30
ham_bbf2e909,htl_9ce8d068,amn_ddb15d0d,0,,2026-08-18T10:00:00+05:30
ham_9b9fe18b,htl_9ce8d068,amn_10f24325,0,,2026-08-18T10:00:00+05:30
ham_f7d184f3,htl_9ce8d068,amn_7d92c0fa,1,,2026-08-18T10:00:00+05:30
ham_10de4526,htl_9ce8d068,amn_0aa5eef9,1,Subject to availability,2026-08-18T10:00:00+05:30
ham_018b58df,htl_9ce8d068,amn_866070f8,0,,2026-08-18T10:00:00+05:30
ham_f075a6c4,htl_9ce8d068,amn_097715f3,0,,2026-08-18T10:00:00+05:30
ham_e1ef353a,htl_f7f9a831,amn_7f076f1d,0,Subject to availability,2026-08-18T10:00:00+05:30
ham_0bd34857,htl_f7f9a831,amn_a9c2e7f7,1,,2026-08-18T10:00:00+05:30
ham_ee58f764,htl_f7f9a831,amn_86167843,1,,2026-08-18T10:00:00+05:30
ham_d0f1bdb8,htl_f7f9a831,amn_e50effef,1,,2026-08-18T10:00:00+05:30
ham_89035861,htl_f7f9a831,amn_9d419789,1,,2026-08-18T10:00:00+05:30
ham_a22da859,htl_f7f9a831,amn_e3103f6e,1,,2026-08-18T10:00:00+05:30
ham_f17c486f,htl_f7f9a831,amn_509e6855,1,,2026-08-18T10:00:00+05:30
ham_627a15d7,htl_f7f9a831,amn_3167d8f9,1,,2026-08-18T10:00:00+05:30
ham_026a1f27,htl_02bb587c,amn_fa6b283e,1,,2026-08-18T10:00:00+05:30
ham_542736ce,htl_02bb587c,amn_8085a200,1,,2026-08-18T10:00:00+05:30
ham_70148188,htl_02bb587c,amn_989b97b0,0,,2026-08-18T10:00:00+05:30
ham_a73e573b,htl_02bb587c,amn_b62ec86d,1,Subject to availability,2026-08-18T10:00:00+05:30
ham_8aaf265f,htl_02bb587c,amn_ddb15d0d,1,,2026-08-18T10:00:00+05:30
ham_a05126d8,htl_02bb587c,amn_9d419789,1,Subject to availability,2026-08-18T10:00:00+05:30
ham_5d802988,htl_02bb587c,amn_d096bc01,1,,2026-08-18T10:00:00+05:30
ham_b21cadba,htl_02bb587c,amn_702292f3,1,,2026-08-18T10:00:00+05:30
ham_a599a559,htl_fe5eb48a,amn_f1c70f04,0,,2026-08-18T10:00:00+05:30
ham_aa045a10,htl_fe5eb48a,amn_fdb40b8d,0,,2026-08-18T10:00:00+05:30
ham_72feb804,htl_fe5eb48a,amn_6e3791c8,1,,2026-08-18T10:00:00+05:30
ham_1ac7a892,htl_fe5eb48a,amn_9d419789,1,,2026-08-18T10:00:00+05:30
ham_bccfb8c6,htl_fe5eb48a,amn_e0ec6ba9,0,,2026-08-18T10:00:00+05:30
ham_58853c07,htl_fe5eb48a,amn_e3103f6e,0,,2026-08-18T10:00:00+05:30
ham_e1cdb688,htl_fe5eb48a,amn_35fe073c,0,,2026-08-18T10:00:00+05:30
ham_d4509812,htl_fe5eb48a,amn_509e6855,0,,2026-08-18T10:00:00+05:30
ham_ccaad6e4,htl_0c78227f,amn_e50effef,1,,2026-08-18T10:00:00+05:30
ham_45d475cf,htl_0c78227f,amn_702292f3,1,,2026-08-18T10:00:00+05:30
ham_a3eff5de,htl_0c78227f,amn_fdb40b8d,1,,2026-08-18T10:00:00+05:30
ham_91367f65,htl_0c78227f,amn_04903ad0,1,,2026-08-18T10:00:00+05:30
ham_7116fa71,htl_0c78227f,amn_097715f3,1,,2026-08-18T10:00:00+05:30
ham_f5123c13,htl_0c78227f,amn_866070f8,1,,2026-08-18T10:00:00+05:30
ham_f3d1d912,htl_0c78227f,amn_cad0c333,1,Subject to availability,2026-08-18T10:00:00+05:30
ham_6e87527f,htl_0c78227f,amn_655d5165,1,,2026-08-18T10:00:00+05:30
ham_aafa882a,htl_81469f7e,amn_d90e6bd1,0,,2026-08-18T10:00:00+05:30
ham_bdfcc39f,htl_81469f7e,amn_5f419901,1,,2026-08-18T10:00:00+05:30
ham_692d25bf,htl_81469f7e,amn_6b2c91c4,0,,2026-08-18T10:00:00+05:30
ham_e0f1b3ce,htl_81469f7e,amn_b62ec86d,0,Subject to availability,2026-08-18T10:00:00+05:30
ham_88c56cda,htl_81469f7e,amn_a9c2e7f7,1,,2026-08-18T10:00:00+05:30
ham_52a52440,htl_81469f7e,amn_7f076f1d,0,,2026-08-18T10:00:00+05:30
ham_a5410612,htl_81469f7e,amn_b586f4b6,1,,2026-08-18T10:00:00+05:30
ham_7dec9ae4,htl_81469f7e,amn_3167d8f9,0,,2026-08-18T10:00:00+05:30
ham_2b0db41f,htl_4ad0f6f7,amn_f1c70f04,0,,2026-08-18T10:00:00+05:30
ham_61faaac2,htl_4ad0f6f7,amn_3b3cfd8b,1,,2026-08-18T10:00:00+05:30
ham_e05b5891,htl_4ad0f6f7,amn_c5da0dfc,1,,2026-08-18T10:00:00+05:30
ham_9e960505,htl_4ad0f6f7,amn_989b97b0,1,,2026-08-18T10:00:00+05:30
ham_c987b9fe,htl_4ad0f6f7,amn_5f419901,1,,2026-08-18T10:00:00+05:30
ham_f38a26b3,htl_4ad0f6f7,amn_655d5165,1,,2026-08-18T10:00:00+05:30
ham_4c118cd1,htl_4ad0f6f7,amn_0aa5eef9,0,,2026-08-18T10:00:00+05:30
ham_7dfe7cd2,htl_4ad0f6f7,amn_d096bc01,1,,2026-08-18T10:00:00+05:30
ham_641b0ba3,htl_926da217,amn_855119e6,0,,2026-08-18T10:00:00+05:30
ham_8b5e967a,htl_926da217,amn_aa21d3e3,1,,2026-08-18T10:00:00+05:30
ham_e60123a4,htl_926da217,amn_6b7b205c,1,,2026-08-18T10:00:00+05:30
ham_6fecbd54,htl_926da217,amn_7d92c0fa,0,,2026-08-18T10:00:00+05:30
ham_7df2a4b4,htl_926da217,amn_3b3cfd8b,1,,2026-08-18T10:00:00+05:30
ham_550ab09c,htl_926da217,amn_c5da0dfc,1,,2026-08-18T10:00:00+05:30
ham_5cfc6ed5,htl_926da217,amn_4690aa77,1,,2026-08-18T10:00:00+05:30
ham_f97d34e0,htl_926da217,amn_f133f52a,0,,2026-08-18T10:00:00+05:30
ham_bbb9f7fe,htl_5e432970,amn_53871212,0,,2026-08-18T10:00:00+05:30
ham_9e2f9bea,htl_5e432970,amn_fdb40b8d,1,,2026-08-18T10:00:00+05:30
ham_475ee2fd,htl_5e432970,amn_86167843,0,,2026-08-18T10:00:00+05:30
ham_c0dd621f,htl_5e432970,amn_1c1f3c38,0,,2026-08-18T10:00:00+05:30
ham_09b0c2aa,htl_5e432970,amn_3167d8f9,1,,2026-08-18T10:00:00+05:30
ham_da908fa8,htl_5e432970,amn_866070f8,0,,2026-08-18T10:00:00+05:30
ham_cca2f6ff,htl_5e432970,amn_6b3dbdd5,1,,2026-08-18T10:00:00+05:30
ham_46669438,htl_5e432970,amn_702292f3,1,Subject to availability,2026-08-18T10:00:00+05:30
ham_d2f9d5d8,htl_c8c81865,amn_7b2de8e7,0,,2026-08-18T10:00:00+05:30
ham_3f22a436,htl_c8c81865,amn_cad0c333,1,,2026-08-18T10:00:00+05:30
ham_ed36ed42,htl_c8c81865,amn_097715f3,0,,2026-08-18T10:00:00+05:30
ham_2eb12bed,htl_c8c81865,amn_f74ad76b,0,,2026-08-18T10:00:00+05:30
ham_959f32ae,htl_c8c81865,amn_aa21d3e3,0,Subject to availability,2026-08-18T10:00:00+05:30
ham_5cdfd2ce,htl_c8c81865,amn_04903ad0,1,,2026-08-18T10:00:00+05:30
ham_2b0b7470,htl_c8c81865,amn_df266b70,1,,2026-08-18T10:00:00+05:30
ham_de936173,htl_c8c81865,amn_e3103f6e,1,,2026-08-18T10:00:00+05:30
ham_c1eb15cf,htl_742928a2,amn_86167843,1,,2026-08-18T10:00:00+05:30
ham_e65af125,htl_742928a2,amn_b62ec86d,0,,2026-08-18T10:00:00+05:30
ham_ad2d14a8,htl_742928a2,amn_a01818bd,1,,2026-08-18T10:00:00+05:30
ham_6c63a221,htl_742928a2,amn_8085a200,1,,2026-08-18T10:00:00+05:30
ham_dbdd6313,htl_742928a2,amn_aab90d56,1,,2026-08-18T10:00:00+05:30
ham_ba5fcb83,htl_742928a2,amn_6e3791c8,1,,2026-08-18T10:00:00+05:30
ham_8fe7e957,htl_742928a2,amn_d096bc01,1,,2026-08-18T10:00:00+05:30
ham_3c41a59a,htl_742928a2,amn_c9036e44,0,,2026-08-18T10:00:00+05:30
ham_0d6f3aaa,htl_472830e6,amn_aa21d3e3,1,,2026-08-18T10:00:00+05:30
ham_438365c8,htl_472830e6,amn_35fe073c,1,,2026-08-18T10:00:00+05:30
ham_7df70336,htl_472830e6,amn_7b2de8e7,0,,2026-08-18T10:00:00+05:30
ham_80a85f28,htl_472830e6,amn_83f80abf,1,,2026-08-18T10:00:00+05:30
ham_ccf0b93a,htl_472830e6,amn_d90e6bd1,1,,2026-08-18T10:00:00+05:30
ham_5aa7ddbe,htl_472830e6,amn_e50effef,1,,2026-08-18T10:00:00+05:30
ham_c36d3ba2,htl_472830e6,amn_989b97b0,0,,2026-08-18T10:00:00+05:30
ham_3dc9c555,htl_472830e6,amn_a01818bd,0,Subject to availability,2026-08-18T10:00:00+05:30
ham_df1d6194,htl_de3e4a9f,amn_866070f8,0,,2026-08-18T10:00:00+05:30
ham_c7f8452e,htl_de3e4a9f,amn_b586f4b6,0,,2026-08-18T10:00:00+05:30
ham_08c856db,htl_de3e4a9f,amn_ddb15d0d,1,,2026-08-18T10:00:00+05:30
ham_f373a24f,htl_de3e4a9f,amn_83f80abf,0,,2026-08-18T10:00:00+05:30
ham_e54e0c67,htl_de3e4a9f,amn_86167843,1,,2026-08-18T10:00:00+05:30
ham_af54254e,htl_de3e4a9f,amn_d90e6bd1,1,,2026-08-18T10:00:00+05:30
ham_9f04e87e,htl_de3e4a9f,amn_6b3dbdd5,0,,2026-08-18T10:00:00+05:30
ham_d5aafb49,htl_de3e4a9f,amn_d566dd5c,0,,2026-08-18T10:00:00+05:30
ham_ace5871a,htl_bd6ac349,amn_d566dd5c,0,Subject to availability,2026-08-18T10:00:00+05:30
ham_45b0baee,htl_bd6ac349,amn_5738f1cd,1,Subject to availability,2026-08-18T10:00:00+05:30
ham_66937622,htl_bd6ac349,amn_b62ec86d,0,,2026-08-18T10:00:00+05:30
ham_55db8776,htl_bd6ac349,amn_3167d8f9,1,,2026-08-18T10:00:00+05:30
ham_0e5485fd,htl_bd6ac349,amn_702292f3,1,,2026-08-18T10:00:00+05:30
ham_b33a7116,htl_bd6ac349,amn_fdb40b8d,1,Subject to availability,2026-08-18T10:00:00+05:30
ham_ca51faf4,htl_bd6ac349,amn_10f24325,0,,2026-08-18T10:00:00+05:30
ham_3fb2e08d,htl_bd6ac349,amn_e53b2ad3,1,,2026-08-18T10:00:00+05:30
ham_ba50af12,htl_b88b0c27,amn_655d5165,1,,2026-08-18T10:00:00+05:30
ham_49f53af5,htl_b88b0c27,amn_e53b2ad3,1,,2026-08-18T10:00:00+05:30
ham_5f03ebc7,htl_b88b0c27,amn_f133f52a,1,,2026-08-18T10:00:00+05:30
ham_d4463d12,htl_b88b0c27,amn_f1c70f04,1,,2026-08-18T10:00:00+05:30
ham_495b7223,htl_b88b0c27,amn_5738f1cd,0,,2026-08-18T10:00:00+05:30
ham_f0672981,htl_b88b0c27,amn_6b3dbdd5,1,,2026-08-18T10:00:00+05:30
ham_46f75956,htl_b88b0c27,amn_f74ad76b,0,,2026-08-18T10:00:00+05:30
ham_924231f7,htl_b88b0c27,amn_12210383,0,,2026-08-18T10:00:00+05:30
ham_0d9da2f1,htl_26fee559,amn_9d419789,0,,2026-08-18T10:00:00+05:30
ham_d8fdb65b,htl_26fee559,amn_12210383,1,,2026-08-18T10:00:00+05:30
ham_04ea6ecc,htl_26fee559,amn_6b2c91c4,1,,2026-08-18T10:00:00+05:30
ham_22baf357,htl_26fee559,amn_855119e6,1,,2026-08-18T10:00:00+05:30
ham_be0e8063,htl_26fee559,amn_7f076f1d,1,,2026-08-18T10:00:00+05:30
ham_1da48ac0,htl_26fee559,amn_3b3cfd8b,1,,2026-08-18T10:00:00+05:30
ham_80f1fb63,htl_26fee559,amn_d096bc01,1,,2026-08-18T10:00:00+05:30
ham_ae95ef5e,htl_26fee559,amn_fa6b283e,1,,2026-08-18T10:00:00+05:30
ham_6bfa9713,htl_c8756032,amn_5f419901,1,,2026-08-18T10:00:00+05:30
ham_6af4ee5a,htl_c8756032,amn_aa21d3e3,1,,2026-08-18T10:00:00+05:30
ham_e3ef396b,htl_c8756032,amn_6b3dbdd5,1,,2026-08-18T10:00:00+05:30
ham_54daee7e,htl_c8756032,amn_6b2c91c4,1,,2026-08-18T10:00:00+05:30
ham_8bec9d80,htl_c8756032,amn_6b7b205c,0,,2026-08-18T10:00:00+05:30
ham_a8e5552c,htl_c8756032,amn_655d5165,0,,2026-08-18T10:00:00+05:30
ham_da47e7a9,htl_c8756032,amn_702292f3,1,,2026-08-18T10:00:00+05:30
ham_47408b28,htl_c8756032,amn_f74ad76b,1,,2026-08-18T10:00:00+05:30
ham_db3d532d,htl_fa8543cb,amn_35fe073c,1,,2026-08-18T10:00:00+05:30
ham_9ab99e41,htl_fa8543cb,amn_866070f8,1,Subject to availability,2026-08-18T10:00:00+05:30
ham_cf9b416c,htl_fa8543cb,amn_655d5165,1,Subject to availability,2026-08-18T10:00:00+05:30
ham_a531ce6d,htl_fa8543cb,amn_5f419901,0,Subject to availability,2026-08-18T10:00:00+05:30
ham_43d147fb,htl_fa8543cb,amn_53871212,1,,2026-08-18T10:00:00+05:30
ham_d1fb0e34,htl_fa8543cb,amn_d90e6bd1,0,,2026-08-18T10:00:00+05:30
ham_a3ba6b00,htl_fa8543cb,amn_509e6855,1,,2026-08-18T10:00:00+05:30
ham_d5c60ecc,htl_fa8543cb,amn_3b3cfd8b,1,,2026-08-18T10:00:00+05:30
ham_98c13686,htl_285912dc,amn_6b2c91c4,1,,2026-08-18T10:00:00+05:30
ham_30695278,htl_285912dc,amn_c9036e44,1,,2026-08-18T10:00:00+05:30
ham_7cdc3f21,htl_285912dc,amn_fa6b283e,0,,2026-08-18T10:00:00+05:30
ham_82ad7d6e,htl_285912dc,amn_f74ad76b,1,,2026-08-18T10:00:00+05:30
ham_d6f09619,htl_285912dc,amn_86167843,0,,2026-08-18T10:00:00+05:30
ham_b260b739,htl_285912dc,amn_10f24325,1,Subject to availability,2026-08-18T10:00:00+05:30
ham_8b9667b6,htl_285912dc,amn_23d9dfe3,1,,2026-08-18T10:00:00+05:30
ham_b48aaf7d,htl_285912dc,amn_0aa5eef9,0,,2026-08-18T10:00:00+05:30
ham_7d8737e9,htl_24e39565,amn_c9036e44,1,,2026-08-18T10:00:00+05:30
ham_7eb25448,htl_24e39565,amn_83f80abf,0,,2026-08-18T10:00:00+05:30
ham_9ddf0b23,htl_24e39565,amn_5fb5d136,1,,2026-08-18T10:00:00+05:30
ham_aea99acf,htl_24e39565,amn_3b3cfd8b,1,,2026-08-18T10:00:00+05:30
ham_8b3827db,htl_24e39565,amn_5f419901,1,,2026-08-18T10:00:00+05:30
ham_fde4b517,htl_24e39565,amn_1c1f3c38,1,,2026-08-18T10:00:00+05:30
ham_8690b8cc,htl_24e39565,amn_53871212,1,,2026-08-18T10:00:00+05:30
ham_2118b682,htl_24e39565,amn_088a3bd3,1,,2026-08-18T10:00:00+05:30
ham_d1fbbfdb,htl_be3b648f,amn_ddb15d0d,1,Subject to availability,2026-08-18T10:00:00+05:30
ham_0a439d92,htl_be3b648f,amn_3b3cfd8b,0,,2026-08-18T10:00:00+05:30
ham_3edd26f9,htl_be3b648f,amn_e53b2ad3,0,,2026-08-18T10:00:00+05:30
ham_75fc0bd5,htl_be3b648f,amn_a9c2e7f7,1,,2026-08-18T10:00:00+05:30
ham_eb676a74,htl_be3b648f,amn_6b7b205c,1,,2026-08-18T10:00:00+05:30
ham_b03bca9f,htl_be3b648f,amn_23d9dfe3,1,,2026-08-18T10:00:00+05:30
ham_d1bf4a87,htl_be3b648f,amn_12210383,1,,2026-08-18T10:00:00+05:30
ham_9fb9c662,htl_be3b648f,amn_989b97b0,1,,2026-08-18T10:00:00+05:30
ham_7b252f76,htl_67190be7,amn_0aa5eef9,0,,2026-08-18T10:00:00+05:30
ham_b5056fda,htl_67190be7,amn_864b82ad,1,Subject to availability,2026-08-18T10:00:00+05:30
ham_dd3b2d97,htl_67190be7,amn_6e3791c8,1,,2026-08-18T10:00:00+05:30
ham_ea5761b7,htl_67190be7,amn_fa6b283e,0,,2026-08-18T10:00:00+05:30
ham_ba465eba,htl_67190be7,amn_e53b2ad3,1,,2026-08-18T10:00:00+05:30
ham_73448d2d,htl_67190be7,amn_e50effef,1,,2026-08-18T10:00:00+05:30
ham_75c5b166,htl_67190be7,amn_f74ad76b,1,,2026-08-18T10:00:00+05:30
ham_b20cd471,htl_67190be7,amn_f1c70f04,1,Subject to availability,2026-08-18T10:00:00+05:30
ham_464046bf,htl_afcb3490,amn_f1c70f04,1,,2026-08-18T10:00:00+05:30
ham_c8511050,htl_afcb3490,amn_c9036e44,0,,2026-08-18T10:00:00+05:30
ham_3f9376a3,htl_afcb3490,amn_8085a200,1,,2026-08-18T10:00:00+05:30
ham_05d1403a,htl_afcb3490,amn_83f80abf,0,,2026-08-18T10:00:00+05:30
ham_92dd45f6,htl_afcb3490,amn_df266b70,1,Subject to availability,2026-08-18T10:00:00+05:30
ham_93025b9a,htl_afcb3490,amn_855119e6,1,Subject to availability,2026-08-18T10:00:00+05:30
ham_934a12c6,htl_afcb3490,amn_866070f8,0,,2026-08-18T10:00:00+05:30
ham_04a14f2d,htl_afcb3490,amn_864b82ad,0,,2026-08-18T10:00:00+05:30
ham_391a1306,htl_c91a804e,amn_d096bc01,1,Subject to availability,2026-08-18T10:00:00+05:30
ham_82741e84,htl_c91a804e,amn_cad0c333,1,Subject to availability,2026-08-18T10:00:00+05:30
ham_18df5698,htl_c91a804e,amn_04903ad0,1,,2026-08-18T10:00:00+05:30
ham_d3904494,htl_c91a804e,amn_c5da0dfc,1,,2026-08-18T10:00:00+05:30
ham_73bc9910,htl_c91a804e,amn_7f076f1d,0,,2026-08-18T10:00:00+05:30
ham_552d1e39,htl_c91a804e,amn_86167843,1,,2026-08-18T10:00:00+05:30
ham_ab908d89,htl_c91a804e,amn_10f24325,0,Subject to availability,2026-08-18T10:00:00+05:30
ham_7c4582c4,htl_c91a804e,amn_a01818bd,1,Subject to availability,2026-08-18T10:00:00+05:30
ham_caa3b93b,htl_6eff866f,amn_989b97b0,1,,2026-08-18T10:00:00+05:30
ham_2c270b28,htl_6eff866f,amn_7f076f1d,1,,2026-08-18T10:00:00+05:30
ham_0fd97fde,htl_6eff866f,amn_e53b2ad3,0,,2026-08-18T10:00:00+05:30
ham_d638609f,htl_6eff866f,amn_702292f3,0,,2026-08-18T10:00:00+05:30
ham_37d76520,htl_6eff866f,amn_ddb15d0d,1,,2026-08-18T10:00:00+05:30
ham_80a3ce95,htl_6eff866f,amn_10f24325,1,,2026-08-18T10:00:00+05:30
ham_65595573,htl_6eff866f,amn_b586f4b6,1,,2026-08-18T10:00:00+05:30
ham_f0d072b1,htl_6eff866f,amn_7b2de8e7,1,,2026-08-18T10:00:00+05:30
ham_edcfbe54,htl_81c1c288,amn_d096bc01,1,,2026-08-18T10:00:00+05:30
ham_d842a372,htl_81c1c288,amn_989b97b0,1,,2026-08-18T10:00:00+05:30
ham_1492aee2,htl_81c1c288,amn_df266b70,1,,2026-08-18T10:00:00+05:30
ham_02eca7e0,htl_81c1c288,amn_95603f62,1,,2026-08-18T10:00:00+05:30
ham_362191de,htl_81c1c288,amn_48f09670,0,,2026-08-18T10:00:00+05:30
ham_6d63e18c,htl_81c1c288,amn_f133f52a,1,,2026-08-18T10:00:00+05:30
ham_5cf05263,htl_81c1c288,amn_b586f4b6,0,,2026-08-18T10:00:00+05:30
ham_607d8bbd,htl_81c1c288,amn_866070f8,1,,2026-08-18T10:00:00+05:30
ham_28fe6e21,htl_d73d2dd8,amn_8085a200,1,,2026-08-18T10:00:00+05:30
ham_ff20b207,htl_d73d2dd8,amn_d90e6bd1,1,Subject to availability,2026-08-18T10:00:00+05:30
ham_3771fc94,htl_d73d2dd8,amn_1c1f3c38,1,,2026-08-18T10:00:00+05:30
ham_9c786140,htl_d73d2dd8,amn_12210383,1,,2026-08-18T10:00:00+05:30
ham_189a373a,htl_d73d2dd8,amn_d566dd5c,1,,2026-08-18T10:00:00+05:30
ham_cb7daa8d,htl_d73d2dd8,amn_6b2c91c4,0,,2026-08-18T10:00:00+05:30
ham_7ff375ba,htl_d73d2dd8,amn_fa6b283e,1,,2026-08-18T10:00:00+05:30
ham_822c1604,htl_d73d2dd8,amn_6e3791c8,0,Subject to availability,2026-08-18T10:00:00+05:30
ham_0616aa0c,htl_25fd9c00,amn_6b7b205c,0,,2026-08-18T10:00:00+05:30
ham_73c893f1,htl_25fd9c00,amn_509e6855,1,,2026-08-18T10:00:00+05:30
ham_26e4d797,htl_25fd9c00,amn_6b3dbdd5,1,,2026-08-18T10:00:00+05:30
ham_5184b0e8,htl_25fd9c00,amn_1c1f3c38,1,,2026-08-18T10:00:00+05:30
ham_07f6a9b5,htl_25fd9c00,amn_48f09670,1,Subject to availability,2026-08-18T10:00:00+05:30
ham_729d5139,htl_25fd9c00,amn_5fb5d136,0,Subject to availability,2026-08-18T10:00:00+05:30
ham_5ceeedf3,htl_25fd9c00,amn_df266b70,1,,2026-08-18T10:00:00+05:30
ham_1d237a4d,htl_25fd9c00,amn_7f076f1d,0,,2026-08-18T10:00:00+05:30
ham_256ec5a4,htl_15b1ea5e,amn_b586f4b6,0,,2026-08-18T10:00:00+05:30
ham_31bfc41e,htl_15b1ea5e,amn_10f24325,1,,2026-08-18T10:00:00+05:30
ham_f0b15ce3,htl_15b1ea5e,amn_6b3dbdd5,1,,2026-08-18T10:00:00+05:30
ham_c3caf544,htl_15b1ea5e,amn_81dbdc6e,0,,2026-08-18T10:00:00+05:30
ham_83278f6b,htl_15b1ea5e,amn_e50effef,1,,2026-08-18T10:00:00+05:30
ham_ddbb0b9e,htl_15b1ea5e,amn_c9036e44,0,,2026-08-18T10:00:00+05:30
ham_47e7a25f,htl_15b1ea5e,amn_5738f1cd,1,,2026-08-18T10:00:00+05:30
ham_1ead06f9,htl_15b1ea5e,amn_d566dd5c,0,,2026-08-18T10:00:00+05:30
ham_037bf754,htl_2a2ca88d,amn_6b2c91c4,1,,2026-08-18T10:00:00+05:30
ham_ddafc0f9,htl_2a2ca88d,amn_3b3cfd8b,1,,2026-08-18T10:00:00+05:30
ham_2619751f,htl_2a2ca88d,amn_509e6855,0,,2026-08-18T10:00:00+05:30
ham_a564a370,htl_2a2ca88d,amn_a01818bd,1,,2026-08-18T10:00:00+05:30
ham_ff2f4c64,htl_2a2ca88d,amn_83f80abf,1,,2026-08-18T10:00:00+05:30
ham_c531b517,htl_2a2ca88d,amn_4690aa77,1,,2026-08-18T10:00:00+05:30
ham_bd29c831,htl_2a2ca88d,amn_48f09670,0,,2026-08-18T10:00:00+05:30
ham_c4b84fd6,htl_2a2ca88d,amn_5f419901,0,,2026-08-18T10:00:00+05:30
ham_826168d8,htl_98896cce,amn_8085a200,1,,2026-08-18T10:00:00+05:30
ham_226b6f81,htl_98896cce,amn_ddb15d0d,0,Subject to availability,2026-08-18T10:00:00+05:30
ham_ae8e3cbe,htl_98896cce,amn_f74ad76b,1,,2026-08-18T10:00:00+05:30
ham_4a920035,htl_98896cce,amn_4690aa77,0,,2026-08-18T10:00:00+05:30
ham_87984ad6,htl_98896cce,amn_aab90d56,1,,2026-08-18T10:00:00+05:30
ham_af7ac31e,htl_98896cce,amn_f1c70f04,1,,2026-08-18T10:00:00+05:30
ham_206fe35b,htl_98896cce,amn_7d92c0fa,1,,2026-08-18T10:00:00+05:30
ham_4d51732f,htl_98896cce,amn_f133f52a,1,,2026-08-18T10:00:00+05:30
ham_11124e6a,htl_a143dbb9,amn_10f24325,1,,2026-08-18T10:00:00+05:30
ham_27fbddbc,htl_a143dbb9,amn_866070f8,0,,2026-08-18T10:00:00+05:30
ham_474b6b56,htl_a143dbb9,amn_e53b2ad3,0,,2026-08-18T10:00:00+05:30
ham_1b8e2c61,htl_a143dbb9,amn_509e6855,1,,2026-08-18T10:00:00+05:30
ham_75c03d2b,htl_a143dbb9,amn_d096bc01,1,Subject to availability,2026-08-18T10:00:00+05:30
ham_8f4d72c7,htl_a143dbb9,amn_aab90d56,0,,2026-08-18T10:00:00+05:30
ham_f143f013,htl_a143dbb9,amn_5738f1cd,0,,2026-08-18T10:00:00+05:30
ham_f2ef69a1,htl_a143dbb9,amn_83f80abf,1,,2026-08-18T10:00:00+05:30
ham_eb8db057,htl_0cf91d4d,amn_b62ec86d,1,,2026-08-18T10:00:00+05:30
ham_8fc42e6b,htl_0cf91d4d,amn_9d419789,1,,2026-08-18T10:00:00+05:30
ham_71ff26dd,htl_0cf91d4d,amn_e50effef,1,,2026-08-18T10:00:00+05:30
ham_73e42a98,htl_0cf91d4d,amn_95603f62,0,,2026-08-18T10:00:00+05:30
ham_a3bb604f,htl_0cf91d4d,amn_c5da0dfc,0,,2026-08-18T10:00:00+05:30
ham_c78e7515,htl_0cf91d4d,amn_5f419901,0,,2026-08-18T10:00:00+05:30
ham_eeebd083,htl_0cf91d4d,amn_12210383,1,,2026-08-18T10:00:00+05:30
ham_3b4bd91e,htl_0cf91d4d,amn_aa21d3e3,0,,2026-08-18T10:00:00+05:30
ham_cf8e4eeb,htl_12e2327a,amn_702292f3,1,,2026-08-18T10:00:00+05:30
ham_e364c583,htl_12e2327a,amn_509e6855,1,Subject to availability,2026-08-18T10:00:00+05:30
ham_a9fe3056,htl_12e2327a,amn_6b3dbdd5,0,Subject to availability,2026-08-18T10:00:00+05:30
ham_82a13c48,htl_12e2327a,amn_7f076f1d,1,,2026-08-18T10:00:00+05:30
ham_e0a70fa1,htl_12e2327a,amn_95603f62,1,,2026-08-18T10:00:00+05:30
ham_db1bccd7,htl_12e2327a,amn_fa6b283e,1,,2026-08-18T10:00:00+05:30
ham_fc00be51,htl_12e2327a,amn_864b82ad,1,,2026-08-18T10:00:00+05:30
ham_82b018b0,htl_12e2327a,amn_04903ad0,1,,2026-08-18T10:00:00+05:30
ham_930e6a5a,htl_a26dc64e,amn_c9036e44,1,,2026-08-18T10:00:00+05:30
ham_40e6ca68,htl_a26dc64e,amn_3167d8f9,0,,2026-08-18T10:00:00+05:30
ham_3400d5a6,htl_a26dc64e,amn_4690aa77,0,,2026-08-18T10:00:00+05:30
ham_252a634d,htl_a26dc64e,amn_655d5165,0,,2026-08-18T10:00:00+05:30
ham_3f9755be,htl_a26dc64e,amn_d566dd5c,0,,2026-08-18T10:00:00+05:30
ham_04edc0b6,htl_a26dc64e,amn_53871212,0,,2026-08-18T10:00:00+05:30
ham_b5d79b7c,htl_a26dc64e,amn_aab90d56,1,Subject to availability,2026-08-18T10:00:00+05:30
ham_09c137cc,htl_a26dc64e,amn_35fe073c,0,,2026-08-18T10:00:00+05:30
ham_07a83931,htl_17ac7c07,amn_23d9dfe3,1,,2026-08-18T10:00:00+05:30
ham_5af6f796,htl_17ac7c07,amn_7f076f1d,0,,2026-08-18T10:00:00+05:30
ham_27858d02,htl_17ac7c07,amn_097715f3,1,,2026-08-18T10:00:00+05:30
ham_85f2bb9a,htl_17ac7c07,amn_f74ad76b,0,,2026-08-18T10:00:00+05:30
ham_e50bb7da,htl_17ac7c07,amn_95603f62,1,,2026-08-18T10:00:00+05:30
ham_bf0a034d,htl_17ac7c07,amn_d566dd5c,1,,2026-08-18T10:00:00+05:30
ham_6bc28375,htl_17ac7c07,amn_c9036e44,1,,2026-08-18T10:00:00+05:30
ham_582078ad,htl_17ac7c07,amn_7b2de8e7,1,,2026-08-18T10:00:00+05:30
ham_db7f6592,htl_f9f0bde3,amn_8085a200,1,Subject to availability,2026-08-18T10:00:00+05:30
ham_de5d9017,htl_f9f0bde3,amn_855119e6,0,,2026-08-18T10:00:00+05:30
ham_b216b04a,htl_f9f0bde3,amn_f133f52a,1,,2026-08-18T10:00:00+05:30
ham_dcc66556,htl_f9f0bde3,amn_5f419901,1,,2026-08-18T10:00:00+05:30
ham_19c6786f,htl_f9f0bde3,amn_5fb5d136,1,,2026-08-18T10:00:00+05:30
ham_ef8ab13a,htl_f9f0bde3,amn_95603f62,0,,2026-08-18T10:00:00+05:30
ham_fb1ce4af,htl_f9f0bde3,amn_f1c70f04,1,,2026-08-18T10:00:00+05:30
ham_7c6b9f36,htl_f9f0bde3,amn_23d9dfe3,1,,2026-08-18T10:00:00+05:30
ham_00c0bb18,htl_abfe8a53,amn_04903ad0,0,,2026-08-18T10:00:00+05:30
ham_97d4c4c5,htl_abfe8a53,amn_53871212,0,,2026-08-18T10:00:00+05:30
ham_b99d2386,htl_abfe8a53,amn_f133f52a,0,Subject to availability,2026-08-18T10:00:00+05:30
ham_9c464fe4,htl_abfe8a53,amn_f74ad76b,1,,2026-08-18T10:00:00+05:30
ham_9f76c7aa,htl_abfe8a53,amn_5f419901,1,Subject to availability,2026-08-18T10:00:00+05:30
ham_168d6157,htl_abfe8a53,amn_e3103f6e,0,,2026-08-18T10:00:00+05:30
ham_3b66dc56,htl_abfe8a53,amn_6b7b205c,0,,2026-08-18T10:00:00+05:30
ham_9e0a321c,htl_abfe8a53,amn_8085a200,0,,2026-08-18T10:00:00+05:30
ham_df02ae0a,htl_29faa3d7,amn_d90e6bd1,1,,2026-08-18T10:00:00+05:30
ham_deddbc7f,htl_29faa3d7,amn_8085a200,1,,2026-08-18T10:00:00+05:30
ham_602c302b,htl_29faa3d7,amn_b62ec86d,1,,2026-08-18T10:00:00+05:30
ham_3ce194d7,htl_29faa3d7,amn_04903ad0,1,,2026-08-18T10:00:00+05:30
ham_ce14d62b,htl_29faa3d7,amn_864b82ad,1,,2026-08-18T10:00:00+05:30
ham_1d8eef75,htl_29faa3d7,amn_23d9dfe3,1,Subject to availability,2026-08-18T10:00:00+05:30
ham_bbb263dc,htl_29faa3d7,amn_81dbdc6e,0,,2026-08-18T10:00:00+05:30
ham_6883bf82,htl_29faa3d7,amn_866070f8,0,Subject to availability,2026-08-18T10:00:00+05:30
ham_c2345758,htl_19193f4f,amn_81dbdc6e,1,,2026-08-18T10:00:00+05:30
ham_d31b1b21,htl_19193f4f,amn_cad0c333,1,,2026-08-18T10:00:00+05:30
ham_dd29631c,htl_19193f4f,amn_509e6855,0,,2026-08-18T10:00:00+05:30
ham_d41c37d7,htl_19193f4f,amn_c5da0dfc,1,,2026-08-18T10:00:00+05:30
ham_21ff7dbc,htl_19193f4f,amn_fa6b283e,1,,2026-08-18T10:00:00+05:30
ham_ff9b325f,htl_19193f4f,amn_04903ad0,1,,2026-08-18T10:00:00+05:30
ham_e89e5aee,htl_19193f4f,amn_ddb15d0d,0,,2026-08-18T10:00:00+05:30
ham_bb2fc3d5,htl_19193f4f,amn_aa21d3e3,0,,2026-08-18T10:00:00+05:30
ham_bee7d68f,htl_885db404,amn_fa6b283e,0,,2026-08-18T10:00:00+05:30
ham_b3256dc8,htl_885db404,amn_f133f52a,1,,2026-08-18T10:00:00+05:30
ham_e45be752,htl_885db404,amn_aab90d56,0,,2026-08-18T10:00:00+05:30
ham_1cdb90ea,htl_885db404,amn_a01818bd,1,,2026-08-18T10:00:00+05:30
ham_4fac4600,htl_885db404,amn_509e6855,1,,2026-08-18T10:00:00+05:30
ham_07732a16,htl_885db404,amn_e50effef,1,,2026-08-18T10:00:00+05:30
ham_040ff97a,htl_885db404,amn_b62ec86d,0,Subject to availability,2026-08-18T10:00:00+05:30
ham_406084b4,htl_885db404,amn_5f419901,1,,2026-08-18T10:00:00+05:30
ham_eedd8683,htl_58292b84,amn_f133f52a,1,,2026-08-18T10:00:00+05:30
ham_0e7c66f9,htl_58292b84,amn_aa21d3e3,0,Subject to availability,2026-08-18T10:00:00+05:30
ham_af1d28c2,htl_58292b84,amn_aab90d56,1,,2026-08-18T10:00:00+05:30
ham_f2c6e3c6,htl_58292b84,amn_0aa5eef9,0,,2026-08-18T10:00:00+05:30
ham_94fbf018,htl_58292b84,amn_a9c2e7f7,1,,2026-08-18T10:00:00+05:30
ham_52eff020,htl_58292b84,amn_509e6855,1,,2026-08-18T10:00:00+05:30
ham_4020373b,htl_58292b84,amn_fa6b283e,0,,2026-08-18T10:00:00+05:30
ham_27b80940,htl_58292b84,amn_097715f3,1,,2026-08-18T10:00:00+05:30
ham_6e7098f4,htl_ace6d341,amn_10f24325,1,Subject to availability,2026-08-18T10:00:00+05:30
ham_a9bf26e7,htl_ace6d341,amn_0aa5eef9,1,,2026-08-18T10:00:00+05:30
ham_7740107b,htl_ace6d341,amn_5fb5d136,0,,2026-08-18T10:00:00+05:30
ham_532d9739,htl_ace6d341,amn_86167843,1,,2026-08-18T10:00:00+05:30
ham_dd998c95,htl_ace6d341,amn_aab90d56,1,,2026-08-18T10:00:00+05:30
ham_3cedaa70,htl_ace6d341,amn_855119e6,0,Subject to availability,2026-08-18T10:00:00+05:30
ham_948242d6,htl_ace6d341,amn_a9c2e7f7,1,,2026-08-18T10:00:00+05:30
ham_f18afd97,htl_ace6d341,amn_097715f3,1,,2026-08-18T10:00:00+05:30
ham_adbcf289,htl_1723889f,amn_9d419789,1,,2026-08-18T10:00:00+05:30
ham_c85472df,htl_1723889f,amn_aa21d3e3,0,,2026-08-18T10:00:00+05:30
ham_c5a3caea,htl_1723889f,amn_fdb40b8d,0,Subject to availability,2026-08-18T10:00:00+05:30
ham_56cd6d8f,htl_1723889f,amn_d90e6bd1,1,,2026-08-18T10:00:00+05:30
ham_1457c43d,htl_1723889f,amn_5fb5d136,1,,2026-08-18T10:00:00+05:30
ham_376abd11,htl_1723889f,amn_81dbdc6e,1,,2026-08-18T10:00:00+05:30
ham_a9f52280,htl_1723889f,amn_c5da0dfc,0,,2026-08-18T10:00:00+05:30
ham_c5ea42eb,htl_1723889f,amn_10f24325,1,Subject to availability,2026-08-18T10:00:00+05:30
ham_40389aaf,htl_94be8798,amn_e0ec6ba9,1,,2026-08-18T10:00:00+05:30
ham_986a83a9,htl_94be8798,amn_f1c70f04,1,,2026-08-18T10:00:00+05:30
ham_70373677,htl_94be8798,amn_d90e6bd1,0,,2026-08-18T10:00:00+05:30
ham_f59700d3,htl_94be8798,amn_4690aa77,1,,2026-08-18T10:00:00+05:30
ham_b97da9a8,htl_94be8798,amn_866070f8,1,,2026-08-18T10:00:00+05:30
ham_08076659,htl_94be8798,amn_6b7b205c,1,,2026-08-18T10:00:00+05:30
ham_2dc55116,htl_94be8798,amn_f133f52a,1,,2026-08-18T10:00:00+05:30
ham_8bf7b09b,htl_94be8798,amn_95603f62,1,Subject to availability,2026-08-18T10:00:00+05:30
ham_1968ebab,htl_986e57e9,amn_855119e6,0,,2026-08-18T10:00:00+05:30
ham_2d2ac852,htl_986e57e9,amn_10f24325,1,,2026-08-18T10:00:00+05:30
ham_87e37d01,htl_986e57e9,amn_c5da0dfc,1,,2026-08-18T10:00:00+05:30
ham_8f2beef2,htl_986e57e9,amn_655d5165,1,,2026-08-18T10:00:00+05:30
ham_f5e54113,htl_986e57e9,amn_6b7b205c,1,,2026-08-18T10:00:00+05:30
ham_5647ab8d,htl_986e57e9,amn_7d92c0fa,1,Subject to availability,2026-08-18T10:00:00+05:30
ham_73cf9964,htl_986e57e9,amn_088a3bd3,0,,2026-08-18T10:00:00+05:30
ham_88db9414,htl_986e57e9,amn_702292f3,1,Subject to availability,2026-08-18T10:00:00+05:30
ham_97ad2db3,htl_bbafa1bd,amn_6e3791c8,1,,2026-08-18T10:00:00+05:30
ham_8b53d8e6,htl_bbafa1bd,amn_989b97b0,1,Subject to availability,2026-08-18T10:00:00+05:30
ham_2327980a,htl_bbafa1bd,amn_95603f62,1,,2026-08-18T10:00:00+05:30
ham_5f7aafa8,htl_bbafa1bd,amn_c9036e44,0,,2026-08-18T10:00:00+05:30
ham_1ac4c1e2,htl_bbafa1bd,amn_1c1f3c38,1,,2026-08-18T10:00:00+05:30
ham_c47c1c47,htl_bbafa1bd,amn_d096bc01,1,,2026-08-18T10:00:00+05:30
ham_1dae3ffb,htl_bbafa1bd,amn_655d5165,0,,2026-08-18T10:00:00+05:30
ham_9d4a1757,htl_bbafa1bd,amn_53871212,1,Subject to availability,2026-08-18T10:00:00+05:30
ham_b5c1f1e3,htl_dabb8548,amn_088a3bd3,1,,2026-08-18T10:00:00+05:30
ham_1f46508f,htl_dabb8548,amn_b62ec86d,1,,2026-08-18T10:00:00+05:30
ham_01994ee7,htl_dabb8548,amn_509e6855,1,,2026-08-18T10:00:00+05:30
ham_d7c8722f,htl_dabb8548,amn_1c1f3c38,1,,2026-08-18T10:00:00+05:30
ham_604e2506,htl_dabb8548,amn_855119e6,1,,2026-08-18T10:00:00+05:30
ham_aebab21e,htl_dabb8548,amn_aab90d56,1,Subject to availability,2026-08-18T10:00:00+05:30
ham_58833c6a,htl_dabb8548,amn_e53b2ad3,0,,2026-08-18T10:00:00+05:30
ham_7b2a64bd,htl_dabb8548,amn_3167d8f9,1,,2026-08-18T10:00:00+05:30
ham_53973dd0,htl_6ae380cf,amn_702292f3,0,Subject to availability,2026-08-18T10:00:00+05:30
ham_04ff2403,htl_6ae380cf,amn_989b97b0,0,,2026-08-18T10:00:00+05:30
ham_5f81ab80,htl_6ae380cf,amn_b62ec86d,0,,2026-08-18T10:00:00+05:30
ham_be238329,htl_6ae380cf,amn_b586f4b6,1,,2026-08-18T10:00:00+05:30
ham_05697f2f,htl_6ae380cf,amn_f74ad76b,1,,2026-08-18T10:00:00+05:30
ham_a1b0ef75,htl_6ae380cf,amn_088a3bd3,1,,2026-08-18T10:00:00+05:30
ham_de52f39d,htl_6ae380cf,amn_509e6855,1,,2026-08-18T10:00:00+05:30
ham_4013b1dd,htl_6ae380cf,amn_9d419789,1,Subject to availability,2026-08-18T10:00:00+05:30
ham_c69edc8c,htl_521bb81f,amn_855119e6,1,,2026-08-18T10:00:00+05:30
ham_9da935e0,htl_521bb81f,amn_48f09670,1,,2026-08-18T10:00:00+05:30
ham_3f917e79,htl_521bb81f,amn_a9c2e7f7,1,,2026-08-18T10:00:00+05:30
ham_ce0bf05b,htl_521bb81f,amn_10f24325,0,,2026-08-18T10:00:00+05:30
ham_3d437ddb,htl_521bb81f,amn_8085a200,0,,2026-08-18T10:00:00+05:30
ham_313d40a3,htl_521bb81f,amn_1c1f3c38,1,,2026-08-18T10:00:00+05:30
ham_35b5b820,htl_521bb81f,amn_12210383,1,,2026-08-18T10:00:00+05:30
ham_13805abc,htl_521bb81f,amn_866070f8,1,,2026-08-18T10:00:00+05:30
ham_098f0140,htl_30f184fa,amn_7f076f1d,1,,2026-08-18T10:00:00+05:30
ham_4aebe1c6,htl_30f184fa,amn_0aa5eef9,1,,2026-08-18T10:00:00+05:30
ham_64d3cbb7,htl_30f184fa,amn_b586f4b6,1,Subject to availability,2026-08-18T10:00:00+05:30
ham_89c195b1,htl_30f184fa,amn_23d9dfe3,1,,2026-08-18T10:00:00+05:30
ham_c2b9057e,htl_30f184fa,amn_e3103f6e,1,Subject to availability,2026-08-18T10:00:00+05:30
ham_5e98fafa,htl_30f184fa,amn_86167843,1,,2026-08-18T10:00:00+05:30
ham_b877c91b,htl_30f184fa,amn_48f09670,0,,2026-08-18T10:00:00+05:30
ham_6842f3ae,htl_30f184fa,amn_7b2de8e7,0,,2026-08-18T10:00:00+05:30
ham_ecd030e7,htl_ef749d59,amn_a01818bd,1,Subject to availability,2026-08-18T10:00:00+05:30
ham_6a75307a,htl_ef749d59,amn_df266b70,0,,2026-08-18T10:00:00+05:30
ham_520f3b14,htl_ef749d59,amn_6b3dbdd5,0,,2026-08-18T10:00:00+05:30
ham_39b94aaf,htl_ef749d59,amn_3b3cfd8b,1,Subject to availability,2026-08-18T10:00:00+05:30
ham_309ab7e9,htl_ef749d59,amn_d096bc01,1,,2026-08-18T10:00:00+05:30
ham_118f0627,htl_ef749d59,amn_6e3791c8,1,,2026-08-18T10:00:00+05:30
ham_a2b44647,htl_ef749d59,amn_b586f4b6,0,,2026-08-18T10:00:00+05:30
ham_38f4b024,htl_ef749d59,amn_855119e6,0,,2026-08-18T10:00:00+05:30
ham_1deb388e,htl_488b1796,amn_e3103f6e,1,,2026-08-18T10:00:00+05:30
ham_2162ccef,htl_488b1796,amn_509e6855,0,,2026-08-18T10:00:00+05:30
ham_a6393cb9,htl_488b1796,amn_7f076f1d,1,,2026-08-18T10:00:00+05:30
ham_c4f2f899,htl_488b1796,amn_5738f1cd,1,,2026-08-18T10:00:00+05:30
ham_0726db71,htl_488b1796,amn_7d92c0fa,1,Subject to availability,2026-08-18T10:00:00+05:30
ham_b36d6324,htl_488b1796,amn_f1c70f04,1,,2026-08-18T10:00:00+05:30
ham_dcf6d82c,htl_488b1796,amn_c9036e44,0,,2026-08-18T10:00:00+05:30
ham_ae492984,htl_488b1796,amn_f74ad76b,1,,2026-08-18T10:00:00+05:30
ham_7e71690a,htl_a0afc350,amn_8085a200,1,,2026-08-18T10:00:00+05:30
ham_0fa0e676,htl_a0afc350,amn_83f80abf,0,,2026-08-18T10:00:00+05:30
ham_8fe914d9,htl_a0afc350,amn_6b3dbdd5,0,,2026-08-18T10:00:00+05:30
ham_53951f8c,htl_a0afc350,amn_c5da0dfc,0,,2026-08-18T10:00:00+05:30
ham_f4570447,htl_a0afc350,amn_04903ad0,1,,2026-08-18T10:00:00+05:30
ham_61da417e,htl_a0afc350,amn_df266b70,1,,2026-08-18T10:00:00+05:30
ham_822ee606,htl_a0afc350,amn_aab90d56,0,,2026-08-18T10:00:00+05:30
ham_4c0a97ab,htl_a0afc350,amn_5738f1cd,1,,2026-08-18T10:00:00+05:30
ham_90848bb0,htl_c4166776,amn_a9c2e7f7,1,,2026-08-18T10:00:00+05:30
ham_d0fa11b3,htl_c4166776,amn_509e6855,1,,2026-08-18T10:00:00+05:30
ham_da34c486,htl_c4166776,amn_0aa5eef9,1,,2026-08-18T10:00:00+05:30
ham_f04cb596,htl_c4166776,amn_e53b2ad3,1,,2026-08-18T10:00:00+05:30
ham_12466817,htl_c4166776,amn_12210383,1,,2026-08-18T10:00:00+05:30
ham_5a6dd05b,htl_c4166776,amn_c9036e44,0,,2026-08-18T10:00:00+05:30
ham_35a2f5cf,htl_c4166776,amn_d566dd5c,1,,2026-08-18T10:00:00+05:30
ham_f2969d2d,htl_c4166776,amn_b62ec86d,1,,2026-08-18T10:00:00+05:30
ham_da72600a,htl_ca1c579e,amn_0aa5eef9,1,,2026-08-18T10:00:00+05:30
ham_4a688bbf,htl_ca1c579e,amn_d096bc01,0,,2026-08-18T10:00:00+05:30
ham_10afb2d6,htl_ca1c579e,amn_7f076f1d,1,,2026-08-18T10:00:00+05:30
ham_840fb35f,htl_ca1c579e,amn_509e6855,1,,2026-08-18T10:00:00+05:30
ham_efb9e69e,htl_ca1c579e,amn_5738f1cd,1,,2026-08-18T10:00:00+05:30
ham_729c7077,htl_ca1c579e,amn_5fb5d136,1,,2026-08-18T10:00:00+05:30
ham_0e67f4dc,htl_ca1c579e,amn_b62ec86d,0,Subject to availability,2026-08-18T10:00:00+05:30
ham_0d156428,htl_ca1c579e,amn_989b97b0,1,Subject to availability,2026-08-18T10:00:00+05:30
ham_0ca608b8,htl_14e2ae81,amn_10f24325,1,,2026-08-18T10:00:00+05:30
ham_4d4e7a11,htl_14e2ae81,amn_e0ec6ba9,1,,2026-08-18T10:00:00+05:30
ham_e549184a,htl_14e2ae81,amn_989b97b0,1,,2026-08-18T10:00:00+05:30
ham_c0e14d1f,htl_14e2ae81,amn_9d419789,1,Subject to availability,2026-08-18T10:00:00+05:30
ham_1d955423,htl_14e2ae81,amn_83f80abf,1,,2026-08-18T10:00:00+05:30
ham_67507eb8,htl_14e2ae81,amn_864b82ad,1,,2026-08-18T10:00:00+05:30
ham_cb2ee034,htl_14e2ae81,amn_a9c2e7f7,0,,2026-08-18T10:00:00+05:30
ham_76af3587,htl_14e2ae81,amn_d90e6bd1,1,,2026-08-18T10:00:00+05:30
ham_bb66fecf,htl_64d03366,amn_aa21d3e3,1,,2026-08-18T10:00:00+05:30
ham_440d0f68,htl_64d03366,amn_3b3cfd8b,0,,2026-08-18T10:00:00+05:30
ham_63bf8bd1,htl_64d03366,amn_6b7b205c,0,,2026-08-18T10:00:00+05:30
ham_d6916fed,htl_64d03366,amn_fdb40b8d,1,,2026-08-18T10:00:00+05:30
ham_9f692f2a,htl_64d03366,amn_c5da0dfc,0,,2026-08-18T10:00:00+05:30
ham_a0fde1db,htl_64d03366,amn_0aa5eef9,0,,2026-08-18T10:00:00+05:30
ham_362c3ae7,htl_64d03366,amn_702292f3,1,Subject to availability,2026-08-18T10:00:00+05:30
ham_24d225bf,htl_64d03366,amn_3167d8f9,1,,2026-08-18T10:00:00+05:30
ham_60b6e429,htl_5cf7dd7d,amn_d90e6bd1,1,,2026-08-18T10:00:00+05:30
ham_79e23b6b,htl_5cf7dd7d,amn_aab90d56,1,,2026-08-18T10:00:00+05:30
ham_10b9c1cb,htl_5cf7dd7d,amn_b62ec86d,1,,2026-08-18T10:00:00+05:30
ham_93c9dcb2,htl_5cf7dd7d,amn_f74ad76b,1,Subject to availability,2026-08-18T10:00:00+05:30
ham_37cf35dc,htl_5cf7dd7d,amn_6b3dbdd5,1,,2026-08-18T10:00:00+05:30
ham_f756ea4c,htl_5cf7dd7d,amn_5fb5d136,1,,2026-08-18T10:00:00+05:30
ham_2f06a225,htl_5cf7dd7d,amn_855119e6,1,,2026-08-18T10:00:00+05:30
ham_9f2d49ae,htl_5cf7dd7d,amn_a01818bd,1,,2026-08-18T10:00:00+05:30
ham_887a0d5f,htl_48e9885c,amn_aab90d56,1,,2026-08-18T10:00:00+05:30
ham_3d4b1e65,htl_48e9885c,amn_86167843,0,,2026-08-18T10:00:00+05:30
ham_4f8b774a,htl_48e9885c,amn_088a3bd3,1,,2026-08-18T10:00:00+05:30
ham_7a179f81,htl_48e9885c,amn_83f80abf,0,,2026-08-18T10:00:00+05:30
ham_dbf80076,htl_48e9885c,amn_a9c2e7f7,1,,2026-08-18T10:00:00+05:30
ham_142f5764,htl_48e9885c,amn_df266b70,1,,2026-08-18T10:00:00+05:30
ham_34aa6337,htl_48e9885c,amn_6b2c91c4,1,,2026-08-18T10:00:00+05:30
ham_cf3c5f52,htl_48e9885c,amn_fa6b283e,1,,2026-08-18T10:00:00+05:30
ham_8963f307,htl_f5d9d235,amn_83f80abf,0,,2026-08-18T10:00:00+05:30
ham_f2ad60bd,htl_f5d9d235,amn_e0ec6ba9,1,,2026-08-18T10:00:00+05:30
ham_7e738e4f,htl_f5d9d235,amn_95603f62,0,,2026-08-18T10:00:00+05:30
ham_e924b456,htl_f5d9d235,amn_6e3791c8,1,,2026-08-18T10:00:00+05:30
ham_cf6be3a2,htl_f5d9d235,amn_f133f52a,1,,2026-08-18T10:00:00+05:30
ham_65cd0b53,htl_f5d9d235,amn_a9c2e7f7,1,,2026-08-18T10:00:00+05:30
ham_190ce975,htl_f5d9d235,amn_4690aa77,1,,2026-08-18T10:00:00+05:30
ham_e530cde9,htl_f5d9d235,amn_d90e6bd1,0,,2026-08-18T10:00:00+05:30
ham_7a5a2a36,htl_c05586df,amn_b62ec86d,1,,2026-08-18T10:00:00+05:30
ham_99311f19,htl_c05586df,amn_e0ec6ba9,1,,2026-08-18T10:00:00+05:30
ham_d74c2266,htl_c05586df,amn_f74ad76b,1,Subject to availability,2026-08-18T10:00:00+05:30
ham_4d3549ed,htl_c05586df,amn_655d5165,1,,2026-08-18T10:00:00+05:30
ham_adf1015c,htl_c05586df,amn_04903ad0,1,,2026-08-18T10:00:00+05:30
ham_a6380a99,htl_c05586df,amn_6b7b205c,1,,2026-08-18T10:00:00+05:30
ham_fef68e3b,htl_c05586df,amn_ddb15d0d,1,Subject to availability,2026-08-18T10:00:00+05:30
ham_b88de6b5,htl_c05586df,amn_fa6b283e,1,,2026-08-18T10:00:00+05:30
ham_eebe379d,htl_628ee540,amn_9d419789,1,,2026-08-18T10:00:00+05:30
ham_cc6cf4bf,htl_628ee540,amn_866070f8,1,,2026-08-18T10:00:00+05:30
ham_b7d3d051,htl_628ee540,amn_8085a200,1,,2026-08-18T10:00:00+05:30
ham_9b9f5af8,htl_628ee540,amn_5fb5d136,1,,2026-08-18T10:00:00+05:30
ham_1839aee5,htl_628ee540,amn_864b82ad,1,,2026-08-18T10:00:00+05:30
ham_2e93f889,htl_628ee540,amn_6b2c91c4,0,,2026-08-18T10:00:00+05:30
ham_056850ea,htl_628ee540,amn_04903ad0,0,,2026-08-18T10:00:00+05:30
ham_8a28b4ac,htl_628ee540,amn_e53b2ad3,1,,2026-08-18T10:00:00+05:30
ham_575eeea9,htl_fe67eead,amn_f74ad76b,1,,2026-08-18T10:00:00+05:30
ham_1689bd15,htl_fe67eead,amn_7b2de8e7,1,,2026-08-18T10:00:00+05:30
ham_97405e8f,htl_fe67eead,amn_23d9dfe3,1,,2026-08-18T10:00:00+05:30
ham_ac32c759,htl_fe67eead,amn_86167843,1,,2026-08-18T10:00:00+05:30
ham_e073de9a,htl_fe67eead,amn_5fb5d136,1,,2026-08-18T10:00:00+05:30
ham_aa32937c,htl_fe67eead,amn_8085a200,0,,2026-08-18T10:00:00+05:30
ham_4889262f,htl_fe67eead,amn_989b97b0,1,,2026-08-18T10:00:00+05:30
ham_629f4046,htl_fe67eead,amn_a01818bd,1,,2026-08-18T10:00:00+05:30
ham_95413d03,htl_1fc52e5d,amn_1c1f3c38,1,,2026-08-18T10:00:00+05:30
ham_5c2c2f13,htl_1fc52e5d,amn_ddb15d0d,1,,2026-08-18T10:00:00+05:30
ham_6cd15ab0,htl_1fc52e5d,amn_b62ec86d,1,,2026-08-18T10:00:00+05:30
ham_9ecdefc4,htl_1fc52e5d,amn_d096bc01,1,Subject to availability,2026-08-18T10:00:00+05:30
ham_0b988a6f,htl_1fc52e5d,amn_0aa5eef9,0,,2026-08-18T10:00:00+05:30
ham_7b0f9762,htl_1fc52e5d,amn_95603f62,1,,2026-08-18T10:00:00+05:30
ham_4a61362a,htl_1fc52e5d,amn_53871212,0,Subject to availability,2026-08-18T10:00:00+05:30
ham_a68f0a59,htl_1fc52e5d,amn_702292f3,1,,2026-08-18T10:00:00+05:30
ham_b53883cd,htl_30408181,amn_5738f1cd,1,,2026-08-18T10:00:00+05:30
ham_0a72e8bf,htl_30408181,amn_3b3cfd8b,1,,2026-08-18T10:00:00+05:30
ham_0550e92e,htl_30408181,amn_866070f8,1,,2026-08-18T10:00:00+05:30
ham_876f091c,htl_30408181,amn_6e3791c8,1,,2026-08-18T10:00:00+05:30
ham_aa7d6659,htl_30408181,amn_f74ad76b,0,,2026-08-18T10:00:00+05:30
ham_ef3ed8f0,htl_30408181,amn_53871212,1,,2026-08-18T10:00:00+05:30
ham_fe67de34,htl_30408181,amn_6b7b205c,0,,2026-08-18T10:00:00+05:30
ham_41a8947f,htl_30408181,amn_23d9dfe3,1,,2026-08-18T10:00:00+05:30
ham_21ee0467,htl_15145914,amn_d566dd5c,1,,2026-08-18T10:00:00+05:30
ham_d52105f0,htl_15145914,amn_83f80abf,0,,2026-08-18T10:00:00+05:30
ham_bbda5e8b,htl_15145914,amn_df266b70,0,,2026-08-18T10:00:00+05:30
ham_285fd08f,htl_15145914,amn_6b3dbdd5,1,,2026-08-18T10:00:00+05:30
ham_eae5c115,htl_15145914,amn_f1c70f04,1,,2026-08-18T10:00:00+05:30
ham_a164cc3f,htl_15145914,amn_10f24325,0,,2026-08-18T10:00:00+05:30
ham_9d0088d1,htl_15145914,amn_097715f3,0,,2026-08-18T10:00:00+05:30
ham_e93e46a2,htl_15145914,amn_a01818bd,1,,2026-08-18T10:00:00+05:30
ham_97ed58f8,htl_faf784c8,amn_48f09670,1,Subject to availability,2026-08-18T10:00:00+05:30
ham_b4932d01,htl_faf784c8,amn_f133f52a,0,,2026-08-18T10:00:00+05:30
ham_1e0a4238,htl_faf784c8,amn_7f076f1d,1,,2026-08-18T10:00:00+05:30
ham_661fab21,htl_faf784c8,amn_a01818bd,1,,2026-08-18T10:00:00+05:30
ham_6dc08d24,htl_faf784c8,amn_6b2c91c4,0,,2026-08-18T10:00:00+05:30
ham_eab5cab4,htl_faf784c8,amn_cad0c333,0,,2026-08-18T10:00:00+05:30
ham_02fc251c,htl_faf784c8,amn_d90e6bd1,0,,2026-08-18T10:00:00+05:30
ham_6b9c84a5,htl_faf784c8,amn_f74ad76b,0,,2026-08-18T10:00:00+05:30
ham_220390ac,htl_b7ca8001,amn_a9c2e7f7,0,,2026-08-18T10:00:00+05:30
ham_3b18fe65,htl_b7ca8001,amn_fdb40b8d,1,Subject to availability,2026-08-18T10:00:00+05:30
ham_7f6efc46,htl_b7ca8001,amn_e3103f6e,0,Subject to availability,2026-08-18T10:00:00+05:30
ham_41d9a59d,htl_b7ca8001,amn_f133f52a,1,,2026-08-18T10:00:00+05:30
ham_909367ad,htl_b7ca8001,amn_23d9dfe3,0,,2026-08-18T10:00:00+05:30
ham_8ede3855,htl_b7ca8001,amn_aab90d56,1,,2026-08-18T10:00:00+05:30
ham_2752ddaa,htl_b7ca8001,amn_df266b70,1,,2026-08-18T10:00:00+05:30
ham_15c2f39a,htl_b7ca8001,amn_655d5165,1,,2026-08-18T10:00:00+05:30
ham_30ff9de9,htl_647a13b7,amn_e50effef,0,,2026-08-18T10:00:00+05:30
ham_f6c4e795,htl_647a13b7,amn_3167d8f9,0,,2026-08-18T10:00:00+05:30
ham_551c33b1,htl_647a13b7,amn_b62ec86d,0,,2026-08-18T10:00:00+05:30
ham_fbe124df,htl_647a13b7,amn_d096bc01,1,,2026-08-18T10:00:00+05:30
ham_06101363,htl_647a13b7,amn_53871212,0,,2026-08-18T10:00:00+05:30
ham_e6b77cf0,htl_647a13b7,amn_10f24325,1,,2026-08-18T10:00:00+05:30
ham_51472d69,htl_647a13b7,amn_6e3791c8,1,,2026-08-18T10:00:00+05:30
ham_313f290b,htl_647a13b7,amn_7b2de8e7,1,,2026-08-18T10:00:00+05:30
ham_20af28fe,htl_5ea20ea8,amn_7b2de8e7,1,,2026-08-18T10:00:00+05:30
ham_68d6273c,htl_5ea20ea8,amn_6b2c91c4,1,,2026-08-18T10:00:00+05:30
ham_2c5a9e65,htl_5ea20ea8,amn_f133f52a,1,,2026-08-18T10:00:00+05:30
ham_468427a6,htl_5ea20ea8,amn_d096bc01,0,,2026-08-18T10:00:00+05:30
ham_c6593858,htl_5ea20ea8,amn_509e6855,1,,2026-08-18T10:00:00+05:30
ham_002333ce,htl_5ea20ea8,amn_989b97b0,1,,2026-08-18T10:00:00+05:30
ham_77ff8255,htl_5ea20ea8,amn_8085a200,0,,2026-08-18T10:00:00+05:30
ham_42f4129a,htl_5ea20ea8,amn_b586f4b6,0,,2026-08-18T10:00:00+05:30
ham_49d38c36,htl_92768774,amn_fdb40b8d,1,,2026-08-18T10:00:00+05:30
ham_5837bf06,htl_92768774,amn_3167d8f9,1,,2026-08-18T10:00:00+05:30
ham_7c192d9a,htl_92768774,amn_6b3dbdd5,1,,2026-08-18T10:00:00+05:30
ham_432fe19b,htl_92768774,amn_864b82ad,0,,2026-08-18T10:00:00+05:30
ham_ca5890c0,htl_92768774,amn_b62ec86d,1,,2026-08-18T10:00:00+05:30
ham_d8c50794,htl_92768774,amn_702292f3,0,Subject to availability,2026-08-18T10:00:00+05:30
ham_a2b9f8dc,htl_92768774,amn_e3103f6e,1,,2026-08-18T10:00:00+05:30
ham_6b862362,htl_92768774,amn_5f419901,1,,2026-08-18T10:00:00+05:30
ham_2261c574,htl_6583da9d,amn_7b2de8e7,1,,2026-08-18T10:00:00+05:30
ham_c4aa1ed6,htl_6583da9d,amn_f74ad76b,0,,2026-08-18T10:00:00+05:30
ham_e804a255,htl_6583da9d,amn_53871212,1,,2026-08-18T10:00:00+05:30
ham_4b368e0b,htl_6583da9d,amn_23d9dfe3,0,,2026-08-18T10:00:00+05:30
ham_02062923,htl_6583da9d,amn_864b82ad,1,,2026-08-18T10:00:00+05:30
ham_46bbaa91,htl_6583da9d,amn_b586f4b6,0,,2026-08-18T10:00:00+05:30
ham_042afb14,htl_6583da9d,amn_ddb15d0d,1,Subject to availability,2026-08-18T10:00:00+05:30
ham_7b72d4e3,htl_6583da9d,amn_e3103f6e,0,,2026-08-18T10:00:00+05:30
ham_c6185fef,htl_861fb9d1,amn_088a3bd3,0,,2026-08-18T10:00:00+05:30
ham_ca603eee,htl_861fb9d1,amn_7d92c0fa,1,Subject to availability,2026-08-18T10:00:00+05:30
ham_da172e35,htl_861fb9d1,amn_f74ad76b,1,,2026-08-18T10:00:00+05:30
ham_c558f804,htl_861fb9d1,amn_b586f4b6,1,,2026-08-18T10:00:00+05:30
ham_a72f1678,htl_861fb9d1,amn_b62ec86d,1,Subject to availability,2026-08-18T10:00:00+05:30
ham_df92f27f,htl_861fb9d1,amn_7b2de8e7,1,Subject to availability,2026-08-18T10:00:00+05:30
ham_710dd867,htl_861fb9d1,amn_3b3cfd8b,1,,2026-08-18T10:00:00+05:30
ham_1c19f161,htl_861fb9d1,amn_95603f62,1,,2026-08-18T10:00:00+05:30
ham_0086cd0b,htl_36af7bab,amn_7f076f1d,1,,2026-08-18T10:00:00+05:30
ham_dda46901,htl_36af7bab,amn_855119e6,0,Subject to availability,2026-08-18T10:00:00+05:30
ham_376d6272,htl_36af7bab,amn_aa21d3e3,1,,2026-08-18T10:00:00+05:30
ham_7b6a09e7,htl_36af7bab,amn_0aa5eef9,1,,2026-08-18T10:00:00+05:30
ham_7893b42b,htl_36af7bab,amn_81dbdc6e,1,,2026-08-18T10:00:00+05:30
ham_3923ddca,htl_36af7bab,amn_9d419789,0,,2026-08-18T10:00:00+05:30
ham_4bcecfd7,htl_36af7bab,amn_088a3bd3,1,,2026-08-18T10:00:00+05:30
ham_3a7937ad,htl_36af7bab,amn_e0ec6ba9,0,Subject to availability,2026-08-18T10:00:00+05:30
ham_c218c1a4,htl_f73ed585,amn_cad0c333,0,Subject to availability,2026-08-18T10:00:00+05:30
ham_33ff64b3,htl_f73ed585,amn_7d92c0fa,1,,2026-08-18T10:00:00+05:30
ham_d879eafc,htl_f73ed585,amn_b62ec86d,1,,2026-08-18T10:00:00+05:30
ham_173fe84a,htl_f73ed585,amn_3b3cfd8b,0,,2026-08-18T10:00:00+05:30
ham_e862c6a4,htl_f73ed585,amn_ddb15d0d,0,,2026-08-18T10:00:00+05:30
ham_37117760,htl_f73ed585,amn_509e6855,0,,2026-08-18T10:00:00+05:30
ham_6ae15b7d,htl_f73ed585,amn_81dbdc6e,0,,2026-08-18T10:00:00+05:30
ham_f88887c1,htl_f73ed585,amn_23d9dfe3,1,,2026-08-18T10:00:00+05:30
ham_630812f8,htl_daff4ec9,amn_989b97b0,1,,2026-08-18T10:00:00+05:30
ham_be53fff5,htl_daff4ec9,amn_81dbdc6e,0,Subject to availability,2026-08-18T10:00:00+05:30
ham_2bcad63f,htl_daff4ec9,amn_d566dd5c,1,,2026-08-18T10:00:00+05:30
ham_9a27ca7f,htl_daff4ec9,amn_10f24325,1,,2026-08-18T10:00:00+05:30
ham_10e19c01,htl_daff4ec9,amn_6b3dbdd5,1,,2026-08-18T10:00:00+05:30
ham_44fb8eb0,htl_daff4ec9,amn_6e3791c8,1,,2026-08-18T10:00:00+05:30
ham_403061ce,htl_daff4ec9,amn_f74ad76b,1,Subject to availability,2026-08-18T10:00:00+05:30
ham_f573803a,htl_daff4ec9,amn_9d419789,1,,2026-08-18T10:00:00+05:30
ham_4f2ac3fe,htl_4a4eea20,amn_7d92c0fa,1,Subject to availability,2026-08-18T10:00:00+05:30
ham_f63240b7,htl_4a4eea20,amn_7f076f1d,0,,2026-08-18T10:00:00+05:30
ham_a5ab37f1,htl_4a4eea20,amn_cad0c333,1,,2026-08-18T10:00:00+05:30
ham_97cd05ce,htl_4a4eea20,amn_e3103f6e,1,Subject to availability,2026-08-18T10:00:00+05:30
ham_9e6b95e1,htl_4a4eea20,amn_5f419901,0,,2026-08-18T10:00:00+05:30
ham_669ab55f,htl_4a4eea20,amn_fa6b283e,1,,2026-08-18T10:00:00+05:30
ham_acf21c8f,htl_4a4eea20,amn_95603f62,0,,2026-08-18T10:00:00+05:30
ham_d80c3260,htl_4a4eea20,amn_d096bc01,1,,2026-08-18T10:00:00+05:30
